task_id,cmd_vx,top_gait,second_gait,metric,direction,top_value,second_value,raw_top_minus_second,favorable_gap_for_top
flat_trot_efficiency,0.50,pronking,trotting,neutral_score,higher_better,0.919401,0.914190,0.005211,0.005211
flat_trot_efficiency,0.50,pronking,trotting,weighted_metric_reward_mean,higher_better,0.722382,0.766483,-0.044100,-0.044100
flat_trot_efficiency,0.50,pronking,trotting,vx_abs_error_mean,lower_better,0.071500,0.065072,0.006428,-0.006428
flat_trot_efficiency,0.50,pronking,trotting,fall_rate,lower_better,0.010000,0.008000,0.002000,-0.002000
flat_trot_efficiency,0.50,pronking,trotting,lateral_offset_abs_mean,lower_better,1.212382,1.593187,-0.380806,0.380806
flat_trot_efficiency,0.50,pronking,trotting,scuffing_ratio_mean,lower_better,0.115167,0.198833,-0.083667,0.083667
flat_trot_efficiency,0.50,pronking,trotting,foot_impact_vel_sum_mean,lower_better,0.555634,0.429550,0.126084,-0.126084
flat_trot_efficiency,0.50,pronking,trotting,transport_cost_proxy,lower_better,246.219577,133.955703,112.263874,-112.263874
flat_trot_efficiency,0.50,pronking,trotting,score_progress,higher_better,0.950626,0.957782,-0.007156,-0.007156
flat_trot_efficiency,0.50,pronking,trotting,score_lateral_drift,higher_better,0.484802,0.402242,0.082561,0.082561
flat_trot_efficiency,0.50,pronking,trotting,score_energy,higher_better,0.618064,0.564570,0.053494,0.053494
flat_trot_efficiency,0.50,pronking,trotting,score_survival,higher_better,1.000000,1.000000,0.000000,0.000000
flat_trot_efficiency,1.00,pronking,trotting,neutral_score,higher_better,0.888801,0.886688,0.002113,0.002113
flat_trot_efficiency,1.00,pronking,trotting,weighted_metric_reward_mean,higher_better,0.708790,0.748226,-0.039436,-0.039436
flat_trot_efficiency,1.00,pronking,trotting,vx_abs_error_mean,lower_better,0.139174,0.121678,0.017496,-0.017496
flat_trot_efficiency,1.00,pronking,trotting,fall_rate,lower_better,0.014000,0.011000,0.003000,-0.003000
flat_trot_efficiency,1.00,pronking,trotting,lateral_offset_abs_mean,lower_better,1.605986,1.485727,0.120259,-0.120259
flat_trot_efficiency,1.00,pronking,trotting,scuffing_ratio_mean,lower_better,0.142500,0.204333,-0.061833,0.061833
flat_trot_efficiency,1.00,pronking,trotting,foot_impact_vel_sum_mean,lower_better,0.691582,0.492446,0.199136,-0.199136
flat_trot_efficiency,1.00,pronking,trotting,transport_cost_proxy,lower_better,162.834659,124.034356,38.800303,-38.800303
flat_trot_efficiency,1.00,pronking,trotting,score_progress,higher_better,0.898219,0.901880,-0.003662,-0.003662
flat_trot_efficiency,1.00,pronking,trotting,score_lateral_drift,higher_better,0.420473,0.405401,0.015072,0.015072
flat_trot_efficiency,1.00,pronking,trotting,score_energy,higher_better,0.609765,0.531420,0.078345,0.078345
flat_trot_efficiency,1.00,pronking,trotting,score_survival,higher_better,1.000000,1.000000,0.000000,0.000000
flat_trot_efficiency,1.50,trotting,pronking,neutral_score,higher_better,0.827674,0.820090,0.007584,0.007584
flat_trot_efficiency,1.50,trotting,pronking,weighted_metric_reward_mean,higher_better,0.741147,0.682084,0.059063,0.059063
flat_trot_efficiency,1.50,trotting,pronking,vx_abs_error_mean,lower_better,0.205052,0.244836,-0.039785,0.039785
flat_trot_efficiency,1.50,trotting,pronking,fall_rate,lower_better,0.023000,0.018000,0.005000,-0.005000
flat_trot_efficiency,1.50,trotting,pronking,lateral_offset_abs_mean,lower_better,1.342426,1.652686,-0.310260,0.310260
flat_trot_efficiency,1.50,trotting,pronking,scuffing_ratio_mean,lower_better,0.160917,0.140917,0.020000,-0.020000
flat_trot_efficiency,1.50,trotting,pronking,foot_impact_vel_sum_mean,lower_better,0.679221,0.871544,-0.192324,0.192324
flat_trot_efficiency,1.50,trotting,pronking,transport_cost_proxy,lower_better,165.608759,180.741561,-15.132802,15.132802
flat_trot_efficiency,1.50,trotting,pronking,score_progress,higher_better,0.833840,0.813478,0.020362,0.020362
flat_trot_efficiency,1.50,trotting,pronking,score_lateral_drift,higher_better,0.413557,0.352258,0.061299,0.061299
flat_trot_efficiency,1.50,trotting,pronking,score_energy,higher_better,0.482525,0.548122,-0.065597,-0.065597
flat_trot_efficiency,1.50,trotting,pronking,score_survival,higher_better,1.000000,1.000000,0.000000,0.000000
flat_trot_efficiency,2.00,trotting,pronking,neutral_score,higher_better,0.743454,0.687955,0.055499,0.055499
flat_trot_efficiency,2.00,trotting,pronking,weighted_metric_reward_mean,higher_better,0.705094,0.671473,0.033621,0.033621
flat_trot_efficiency,2.00,trotting,pronking,vx_abs_error_mean,lower_better,0.343690,0.455039,-0.111349,0.111349
flat_trot_efficiency,2.00,trotting,pronking,fall_rate,lower_better,0.025000,0.026000,-0.001000,0.001000
flat_trot_efficiency,2.00,trotting,pronking,lateral_offset_abs_mean,lower_better,1.456455,1.467204,-0.010749,0.010749
flat_trot_efficiency,2.00,trotting,pronking,scuffing_ratio_mean,lower_better,0.149083,0.147417,0.001667,-0.001667
flat_trot_efficiency,2.00,trotting,pronking,foot_impact_vel_sum_mean,lower_better,0.908138,0.921534,-0.013396,0.013396
flat_trot_efficiency,2.00,trotting,pronking,transport_cost_proxy,lower_better,184.199458,190.858579,-6.659121,6.659121
flat_trot_efficiency,2.00,trotting,pronking,score_progress,higher_better,0.756537,0.661101,0.095436,0.095436
flat_trot_efficiency,2.00,trotting,pronking,score_lateral_drift,higher_better,0.383507,0.397852,-0.014345,-0.014345
flat_trot_efficiency,2.00,trotting,pronking,score_energy,higher_better,0.414484,0.487780,-0.073296,-0.073296
flat_trot_efficiency,2.00,trotting,pronking,score_survival,higher_better,1.000000,1.000000,0.000000,0.000000
push_lateral_pace_recovery,1.20,pronking,trotting,neutral_score,higher_better,0.732790,0.714140,0.018650,0.018650
push_lateral_pace_recovery,1.20,pronking,trotting,weighted_metric_reward_mean,higher_better,0.746994,0.744159,0.002834,0.002834
push_lateral_pace_recovery,1.20,pronking,trotting,vx_abs_error_mean,lower_better,0.170266,0.161786,0.008480,-0.008480
push_lateral_pace_recovery,1.20,pronking,trotting,fall_rate,lower_better,0.016000,0.018000,-0.002000,0.002000
push_lateral_pace_recovery,1.20,pronking,trotting,lateral_offset_abs_mean,lower_better,1.205391,1.034179,0.171213,-0.171213
push_lateral_pace_recovery,1.20,pronking,trotting,scuffing_ratio_mean,lower_better,0.128167,0.199167,-0.071000,0.071000
push_lateral_pace_recovery,1.20,pronking,trotting,foot_impact_vel_sum_mean,lower_better,0.989953,0.672078,0.317875,-0.317875
push_lateral_pace_recovery,1.20,pronking,trotting,transport_cost_proxy,lower_better,183.664819,140.352057,43.312762,-43.312762
push_lateral_pace_recovery,1.20,pronking,trotting,score_progress,higher_better,0.868396,0.865993,0.002403,0.002403
push_lateral_pace_recovery,1.20,pronking,trotting,score_lateral_drift,higher_better,0.511317,0.561682,-0.050365,-0.050365
push_lateral_pace_recovery,1.20,pronking,trotting,score_energy,higher_better,0.555018,0.487059,0.067960,0.067960
push_lateral_pace_recovery,1.20,pronking,trotting,score_survival,higher_better,1.000000,1.000000,0.000000,0.000000
push_lateral_pace_recovery,1.50,pronking,trotting,neutral_score,higher_better,0.710027,0.697730,0.012297,0.012297
push_lateral_pace_recovery,1.50,pronking,trotting,weighted_metric_reward_mean,higher_better,0.740404,0.734733,0.005671,0.005671
push_lateral_pace_recovery,1.50,pronking,trotting,vx_abs_error_mean,lower_better,0.249155,0.216649,0.032506,-0.032506
push_lateral_pace_recovery,1.50,pronking,trotting,fall_rate,lower_better,0.019000,0.022000,-0.003000,0.003000
push_lateral_pace_recovery,1.50,pronking,trotting,lateral_offset_abs_mean,lower_better,1.147969,1.189441,-0.041472,0.041472
push_lateral_pace_recovery,1.50,pronking,trotting,scuffing_ratio_mean,lower_better,0.149750,0.168917,-0.019167,0.019167
push_lateral_pace_recovery,1.50,pronking,trotting,foot_impact_vel_sum_mean,lower_better,0.751691,0.771051,-0.019360,0.019360
push_lateral_pace_recovery,1.50,pronking,trotting,transport_cost_proxy,lower_better,187.234653,161.357269,25.877383,-25.877383
push_lateral_pace_recovery,1.50,pronking,trotting,score_progress,higher_better,0.805119,0.831471,-0.026352,-0.026352
push_lateral_pace_recovery,1.50,pronking,trotting,score_lateral_drift,higher_better,0.530996,0.472899,0.058098,0.058098
push_lateral_pace_recovery,1.50,pronking,trotting,score_energy,higher_better,0.528037,0.470902,0.057135,0.057135
push_lateral_pace_recovery,1.50,pronking,trotting,score_survival,higher_better,1.000000,1.000000,0.000000,0.000000
push_lateral_pace_recovery,1.80,pronking,trotting,neutral_score,higher_better,0.661526,0.658366,0.003160,0.003160
push_lateral_pace_recovery,1.80,pronking,trotting,weighted_metric_reward_mean,higher_better,0.725231,0.739571,-0.014340,-0.014340
push_lateral_pace_recovery,1.80,pronking,trotting,vx_abs_error_mean,lower_better,0.366365,0.302005,0.064361,-0.064361
push_lateral_pace_recovery,1.80,pronking,trotting,fall_rate,lower_better,0.024000,0.023000,0.001000,-0.001000
push_lateral_pace_recovery,1.80,pronking,trotting,lateral_offset_abs_mean,lower_better,1.275491,1.106905,0.168586,-0.168586
push_lateral_pace_recovery,1.80,pronking,trotting,scuffing_ratio_mean,lower_better,0.179167,0.164417,0.014750,-0.014750
push_lateral_pace_recovery,1.80,pronking,trotting,foot_impact_vel_sum_mean,lower_better,0.813031,0.889445,-0.076415,0.076415
push_lateral_pace_recovery,1.80,pronking,trotting,transport_cost_proxy,lower_better,186.419269,171.535868,14.883401,-14.883401
push_lateral_pace_recovery,1.80,pronking,trotting,score_progress,higher_better,0.731878,0.775507,-0.043629,-0.043629
push_lateral_pace_recovery,1.80,pronking,trotting,score_lateral_drift,higher_better,0.487396,0.489229,-0.001832,-0.001832
push_lateral_pace_recovery,1.80,pronking,trotting,score_energy,higher_better,0.521578,0.427588,0.093991,0.093991
push_lateral_pace_recovery,1.80,pronking,trotting,score_survival,higher_better,1.000000,1.000000,0.000000,0.000000
ramp_up_trot_robustness,0.50,pronking,trotting,neutral_score,higher_better,0.891693,0.885329,0.006364,0.006364
ramp_up_trot_robustness,0.50,pronking,trotting,weighted_metric_reward_mean,higher_better,0.798931,0.750898,0.048033,0.048033
ramp_up_trot_robustness,0.50,pronking,trotting,vx_abs_error_mean,lower_better,0.085250,0.068575,0.016674,-0.016674
ramp_up_trot_robustness,0.50,pronking,trotting,fall_rate,lower_better,0.007000,0.009000,-0.002000,0.002000
ramp_up_trot_robustness,0.50,pronking,trotting,lateral_offset_abs_mean,lower_better,1.219176,1.657111,-0.437936,0.437936
ramp_up_trot_robustness,0.50,pronking,trotting,scuffing_ratio_mean,lower_better,0.053167,0.065000,-0.011833,0.011833
ramp_up_trot_robustness,0.50,pronking,trotting,foot_impact_vel_sum_mean,lower_better,0.619284,0.438711,0.180573,-0.180573
ramp_up_trot_robustness,0.50,pronking,trotting,transport_cost_proxy,lower_better,239.556814,166.837765,72.719049,-72.719049
ramp_up_trot_robustness,0.50,pronking,trotting,score_progress,higher_better,0.944289,0.950374,-0.006085,-0.006085
ramp_up_trot_robustness,0.50,pronking,trotting,score_lateral_drift,higher_better,0.531963,0.362204,0.169759,0.169759
ramp_up_trot_robustness,0.50,pronking,trotting,score_energy,higher_better,0.620476,0.578816,0.041659,0.041659
ramp_up_trot_robustness,0.50,pronking,trotting,score_survival,higher_better,1.000000,1.000000,0.000000,0.000000
ramp_up_trot_robustness,1.00,pronking,trotting,neutral_score,higher_better,0.853870,0.844724,0.009146,0.009146
ramp_up_trot_robustness,1.00,pronking,trotting,weighted_metric_reward_mean,higher_better,0.750966,0.720370,0.030596,0.030596
ramp_up_trot_robustness,1.00,pronking,trotting,vx_abs_error_mean,lower_better,0.117291,0.128960,-0.011669,0.011669
ramp_up_trot_robustness,1.00,pronking,trotting,fall_rate,lower_better,0.018000,0.012000,0.006000,-0.006000
ramp_up_trot_robustness,1.00,pronking,trotting,lateral_offset_abs_mean,lower_better,1.517758,1.787815,-0.270057,0.270057
ramp_up_trot_robustness,1.00,pronking,trotting,scuffing_ratio_mean,lower_better,0.050917,0.045167,0.005750,-0.005750
ramp_up_trot_robustness,1.00,pronking,trotting,foot_impact_vel_sum_mean,lower_better,0.828840,0.607589,0.221252,-0.221252
ramp_up_trot_robustness,1.00,pronking,trotting,transport_cost_proxy,lower_better,170.669232,164.034334,6.634898,-6.634898
ramp_up_trot_robustness,1.00,pronking,trotting,score_progress,higher_better,0.904434,0.888988,0.015446,0.015446
ramp_up_trot_robustness,1.00,pronking,trotting,score_lateral_drift,higher_better,0.359259,0.271967,0.087291,0.087291
ramp_up_trot_robustness,1.00,pronking,trotting,score_energy,higher_better,0.632236,0.537906,0.094330,0.094330
ramp_up_trot_robustness,1.00,pronking,trotting,score_survival,higher_better,1.000000,1.000000,0.000000,0.000000
ramp_up_trot_robustness,1.50,pronking,trotting,neutral_score,higher_better,0.776433,0.763098,0.013335,0.013335
ramp_up_trot_robustness,1.50,pronking,trotting,weighted_metric_reward_mean,higher_better,0.722706,0.709393,0.013313,0.013313
ramp_up_trot_robustness,1.50,pronking,trotting,vx_abs_error_mean,lower_better,0.247610,0.246396,0.001214,-0.001214
ramp_up_trot_robustness,1.50,pronking,trotting,fall_rate,lower_better,0.021000,0.019000,0.002000,-0.002000
ramp_up_trot_robustness,1.50,pronking,trotting,lateral_offset_abs_mean,lower_better,1.685774,1.633479,0.052294,-0.052294
ramp_up_trot_robustness,1.50,pronking,trotting,scuffing_ratio_mean,lower_better,0.046667,0.046167,0.000500,-0.000500
ramp_up_trot_robustness,1.50,pronking,trotting,foot_impact_vel_sum_mean,lower_better,0.874175,0.726719,0.147456,-0.147456
ramp_up_trot_robustness,1.50,pronking,trotting,transport_cost_proxy,lower_better,189.427452,164.122429,25.305023,-25.305023
ramp_up_trot_robustness,1.50,pronking,trotting,score_progress,higher_better,0.808431,0.799549,0.008882,0.008882
ramp_up_trot_robustness,1.50,pronking,trotting,score_lateral_drift,higher_better,0.296444,0.269447,0.026997,0.026997
ramp_up_trot_robustness,1.50,pronking,trotting,score_energy,higher_better,0.538746,0.503824,0.034922,0.034922
ramp_up_trot_robustness,1.50,pronking,trotting,score_survival,higher_better,0.999800,1.000000,-0.000200,-0.000200
ramp_up_trot_robustness,2.00,pronking,trotting,neutral_score,higher_better,0.654758,0.635182,0.019576,0.019576
ramp_up_trot_robustness,2.00,pronking,trotting,weighted_metric_reward_mean,higher_better,0.712562,0.698502,0.014060,0.014060
ramp_up_trot_robustness,2.00,pronking,trotting,vx_abs_error_mean,lower_better,0.421378,0.445825,-0.024447,0.024447
ramp_up_trot_robustness,2.00,pronking,trotting,fall_rate,lower_better,0.023000,0.022000,0.001000,-0.001000
ramp_up_trot_robustness,2.00,pronking,trotting,lateral_offset_abs_mean,lower_better,1.504462,1.420613,0.083848,-0.083848
ramp_up_trot_robustness,2.00,pronking,trotting,scuffing_ratio_mean,lower_better,0.055750,0.049750,0.006000,-0.006000
ramp_up_trot_robustness,2.00,pronking,trotting,foot_impact_vel_sum_mean,lower_better,0.926503,0.765712,0.160791,-0.160791
ramp_up_trot_robustness,2.00,pronking,trotting,transport_cost_proxy,lower_better,198.491050,179.366564,19.124486,-19.124486
ramp_up_trot_robustness,2.00,pronking,trotting,score_progress,higher_better,0.673337,0.674495,-0.001159,-0.001159
ramp_up_trot_robustness,2.00,pronking,trotting,score_lateral_drift,higher_better,0.306484,0.276778,0.029706,0.029706
ramp_up_trot_robustness,2.00,pronking,trotting,score_energy,higher_better,0.497305,0.451005,0.046300,0.046300
ramp_up_trot_robustness,2.00,pronking,trotting,score_survival,higher_better,1.000000,1.000000,0.000000,0.000000
rough_slope_trot_robustness,0.50,pronking,trotting,neutral_score,higher_better,0.841523,0.830924,0.010599,0.010599
rough_slope_trot_robustness,0.50,pronking,trotting,weighted_metric_reward_mean,higher_better,0.745198,0.730355,0.014843,0.014843
rough_slope_trot_robustness,0.50,pronking,trotting,vx_abs_error_mean,lower_better,0.085260,0.085423,-0.000163,0.000163
rough_slope_trot_robustness,0.50,pronking,trotting,fall_rate,lower_better,0.006000,0.005000,0.001000,-0.001000
rough_slope_trot_robustness,0.50,pronking,trotting,lateral_offset_abs_mean,lower_better,1.507383,1.733600,-0.226218,0.226218
rough_slope_trot_robustness,0.50,pronking,trotting,scuffing_ratio_mean,lower_better,0.067083,0.076500,-0.009417,0.009417
rough_slope_trot_robustness,0.50,pronking,trotting,foot_impact_vel_sum_mean,lower_better,0.617992,0.428745,0.189247,-0.189247
rough_slope_trot_robustness,0.50,pronking,trotting,transport_cost_proxy,lower_better,226.497479,160.533160,65.964318,-65.964318
rough_slope_trot_robustness,0.50,pronking,trotting,score_progress,higher_better,0.940701,0.940103,0.000598,0.000598
rough_slope_trot_robustness,0.50,pronking,trotting,score_lateral_drift,higher_better,0.418705,0.333344,0.085361,0.085361
rough_slope_trot_robustness,0.50,pronking,trotting,score_energy,higher_better,0.644654,0.603820,0.040835,0.040835
rough_slope_trot_robustness,0.50,pronking,trotting,score_survival,higher_better,1.000000,1.000000,0.000000,0.000000
rough_slope_trot_robustness,1.00,pronking,trotting,neutral_score,higher_better,0.783244,0.773481,0.009764,0.009764
rough_slope_trot_robustness,1.00,pronking,trotting,weighted_metric_reward_mean,higher_better,0.772796,0.700360,0.072436,0.072436
rough_slope_trot_robustness,1.00,pronking,trotting,vx_abs_error_mean,lower_better,0.170775,0.165395,0.005380,-0.005380
rough_slope_trot_robustness,1.00,pronking,trotting,fall_rate,lower_better,0.015000,0.018000,-0.003000,0.003000
rough_slope_trot_robustness,1.00,pronking,trotting,lateral_offset_abs_mean,lower_better,1.675214,1.339360,0.335853,-0.335853
rough_slope_trot_robustness,1.00,pronking,trotting,scuffing_ratio_mean,lower_better,0.056417,0.058167,-0.001750,0.001750
rough_slope_trot_robustness,1.00,pronking,trotting,foot_impact_vel_sum_mean,lower_better,0.732875,0.733553,-0.000678,0.000678
rough_slope_trot_robustness,1.00,pronking,trotting,transport_cost_proxy,lower_better,177.299532,173.123864,4.175668,-4.175668
rough_slope_trot_robustness,1.00,pronking,trotting,score_progress,higher_better,0.853607,0.858356,-0.004749,-0.004749
rough_slope_trot_robustness,1.00,pronking,trotting,score_lateral_drift,higher_better,0.342888,0.424351,-0.081463,-0.081463
rough_slope_trot_robustness,1.00,pronking,trotting,score_energy,higher_better,0.613295,0.506255,0.107040,0.107040
rough_slope_trot_robustness,1.00,pronking,trotting,score_survival,higher_better,1.000000,1.000000,0.000000,0.000000
rough_slope_trot_robustness,1.50,pronking,trotting,neutral_score,higher_better,0.669597,0.660943,0.008654,0.008654
rough_slope_trot_robustness,1.50,pronking,trotting,weighted_metric_reward_mean,higher_better,0.674544,0.676756,-0.002212,-0.002212
rough_slope_trot_robustness,1.50,pronking,trotting,vx_abs_error_mean,lower_better,0.312988,0.322896,-0.009908,0.009908
rough_slope_trot_robustness,1.50,pronking,trotting,fall_rate,lower_better,0.020000,0.023000,-0.003000,0.003000
rough_slope_trot_robustness,1.50,pronking,trotting,lateral_offset_abs_mean,lower_better,1.539078,1.034042,0.505037,-0.505037
rough_slope_trot_robustness,1.50,pronking,trotting,scuffing_ratio_mean,lower_better,0.073083,0.067917,0.005167,-0.005167
rough_slope_trot_robustness,1.50,pronking,trotting,foot_impact_vel_sum_mean,lower_better,0.722221,0.718945,0.003276,-0.003276
rough_slope_trot_robustness,1.50,pronking,trotting,transport_cost_proxy,lower_better,173.789468,173.284674,0.504794,-0.504794
rough_slope_trot_robustness,1.50,pronking,trotting,score_progress,higher_better,0.735131,0.723584,0.011546,0.011546
rough_slope_trot_robustness,1.50,pronking,trotting,score_lateral_drift,higher_better,0.355143,0.426867,-0.071725,-0.071725
rough_slope_trot_robustness,1.50,pronking,trotting,score_energy,higher_better,0.546954,0.458239,0.088715,0.088715
rough_slope_trot_robustness,1.50,pronking,trotting,score_survival,higher_better,1.000000,1.000000,0.000000,0.000000
rough_slope_trot_robustness,2.00,trotting,pacing,neutral_score,higher_better,0.542754,0.510900,0.031854,0.031854
rough_slope_trot_robustness,2.00,trotting,pacing,weighted_metric_reward_mean,higher_better,0.647185,0.619046,0.028139,0.028139
rough_slope_trot_robustness,2.00,trotting,pacing,vx_abs_error_mean,lower_better,0.492715,0.540759,-0.048043,0.048043
rough_slope_trot_robustness,2.00,trotting,pacing,fall_rate,lower_better,0.024000,0.023000,0.001000,-0.001000
rough_slope_trot_robustness,2.00,trotting,pacing,lateral_offset_abs_mean,lower_better,1.352321,1.365992,-0.013671,0.013671
rough_slope_trot_robustness,2.00,trotting,pacing,scuffing_ratio_mean,lower_better,0.072250,0.070083,0.002167,-0.002167
rough_slope_trot_robustness,2.00,trotting,pacing,foot_impact_vel_sum_mean,lower_better,0.708083,0.739114,-0.031031,0.031031
rough_slope_trot_robustness,2.00,trotting,pacing,transport_cost_proxy,lower_better,189.163520,211.751879,-22.588359,22.588359
rough_slope_trot_robustness,2.00,trotting,pacing,score_progress,higher_better,0.578395,0.550775,0.027620,0.027620
rough_slope_trot_robustness,2.00,trotting,pacing,score_lateral_drift,higher_better,0.356148,0.253464,0.102684,0.102684
rough_slope_trot_robustness,2.00,trotting,pacing,score_energy,higher_better,0.433707,0.424150,0.009557,0.009557
rough_slope_trot_robustness,2.00,trotting,pacing,score_survival,higher_better,1.000000,1.000000,0.000000,0.000000
stepping_stones_easy_bound_highspeed,1.70,pacing,pronking,neutral_score,higher_better,0.595277,0.592817,0.002460,0.002460
stepping_stones_easy_bound_highspeed,1.70,pacing,pronking,weighted_metric_reward_mean,higher_better,0.664387,0.684077,-0.019690,-0.019690
stepping_stones_easy_bound_highspeed,1.70,pacing,pronking,vx_abs_error_mean,lower_better,0.462065,0.470062,-0.007998,0.007998
stepping_stones_easy_bound_highspeed,1.70,pacing,pronking,fall_rate,lower_better,0.019000,0.019000,0.000000,-0.000000
stepping_stones_easy_bound_highspeed,1.70,pacing,pronking,lateral_offset_abs_mean,lower_better,1.388187,1.607630,-0.219443,0.219443
stepping_stones_easy_bound_highspeed,1.70,pacing,pronking,scuffing_ratio_mean,lower_better,0.113500,0.117417,-0.003917,0.003917
stepping_stones_easy_bound_highspeed,1.70,pacing,pronking,foot_impact_vel_sum_mean,lower_better,0.729700,0.948664,-0.218964,0.218964
stepping_stones_easy_bound_highspeed,1.70,pacing,pronking,transport_cost_proxy,lower_better,222.920377,223.381818,-0.461442,0.461442
stepping_stones_easy_bound_highspeed,1.70,pacing,pronking,score_progress,higher_better,0.581851,0.606856,-0.025005,-0.025005
stepping_stones_easy_bound_highspeed,1.70,pacing,pronking,score_lateral_drift,higher_better,0.248987,0.361981,-0.112994,-0.112994
stepping_stones_easy_bound_highspeed,1.70,pacing,pronking,score_energy,higher_better,0.410688,0.476770,-0.066082,-0.066082
stepping_stones_easy_bound_highspeed,1.70,pacing,pronking,score_survival,higher_better,1.000000,0.999600,0.000400,0.000400
stepping_stones_easy_bound_highspeed,2.00,pacing,trotting,neutral_score,higher_better,0.565577,0.537082,0.028495,0.028495
stepping_stones_easy_bound_highspeed,2.00,pacing,trotting,weighted_metric_reward_mean,higher_better,0.715638,0.676105,0.039533,0.039533
stepping_stones_easy_bound_highspeed,2.00,pacing,trotting,vx_abs_error_mean,lower_better,0.587498,0.687500,-0.100002,0.100002
stepping_stones_easy_bound_highspeed,2.00,pacing,trotting,fall_rate,lower_better,0.025000,0.020000,0.005000,-0.005000
stepping_stones_easy_bound_highspeed,2.00,pacing,trotting,lateral_offset_abs_mean,lower_better,1.770106,1.319588,0.450518,-0.450518
stepping_stones_easy_bound_highspeed,2.00,pacing,trotting,scuffing_ratio_mean,lower_better,0.101750,0.113167,-0.011417,0.011417
stepping_stones_easy_bound_highspeed,2.00,pacing,trotting,foot_impact_vel_sum_mean,lower_better,0.569065,0.646136,-0.077071,0.077071
stepping_stones_easy_bound_highspeed,2.00,pacing,trotting,transport_cost_proxy,lower_better,211.345583,228.842888,-17.497305,17.497305
stepping_stones_easy_bound_highspeed,2.00,pacing,trotting,score_progress,higher_better,0.486299,0.430296,0.056003,0.056003
stepping_stones_easy_bound_highspeed,2.00,pacing,trotting,score_lateral_drift,higher_better,0.187230,0.357168,-0.169938,-0.169938
stepping_stones_easy_bound_highspeed,2.00,pacing,trotting,score_energy,higher_better,0.388428,0.386502,0.001926,0.001926
stepping_stones_easy_bound_highspeed,2.00,pacing,trotting,score_survival,higher_better,1.000000,0.999800,0.000200,0.000200
