task_id,cmd_vx,rank_by_neutral,gait,neutral_score,gap_to_best_neutral,live_weighted_reward,vx_abs_error,fall_rate,lateral_offset_abs,scuffing_ratio,foot_impact_vel_sum,transport_cost_proxy,frequency,duration,footswing_height,stance_width,body_pitch
flat_trot_efficiency,0.50,1,pronking,0.919401,0.000000,0.722382,0.071500,0.010000,1.212382,0.115167,0.555634,246.219577,2.605990,0.500000,0.050450,0.330001,0.039400
flat_trot_efficiency,0.50,2,trotting,0.914190,0.005211,0.766483,0.065072,0.008000,1.593187,0.198833,0.429550,133.955703,2.606205,0.500000,0.050466,0.290622,0.039379
flat_trot_efficiency,0.50,3,pacing,0.882746,0.036655,0.719571,0.057061,0.008000,1.155455,0.152417,0.635198,221.695508,2.894011,0.500000,0.120000,0.340598,0.039400
flat_trot_efficiency,0.50,4,bounding,0.853734,0.065667,0.730854,0.148734,0.006000,1.650622,0.158750,0.516560,232.431963,2.605990,0.500000,0.090450,0.340598,0.039400
flat_trot_efficiency,1.00,1,pronking,0.888801,0.000000,0.708790,0.139174,0.014000,1.605986,0.142500,0.691582,162.834659,3.390412,0.500000,0.050720,0.330001,0.039040
flat_trot_efficiency,1.00,2,trotting,0.886688,0.002113,0.748226,0.121678,0.011000,1.485727,0.204333,0.492446,124.034356,2.611007,0.500000,0.050826,0.291101,0.038898
flat_trot_efficiency,1.00,3,pacing,0.853650,0.035151,0.702581,0.117592,0.014000,1.329614,0.148583,0.680048,165.978487,2.889080,0.500000,0.120000,0.341092,0.038907
flat_trot_efficiency,1.00,4,bounding,0.818621,0.070180,0.702471,0.154014,0.013000,1.637620,0.199750,0.708347,167.410744,3.388015,0.500000,0.090900,0.341199,0.038800
flat_trot_efficiency,1.50,1,trotting,0.827674,0.000000,0.741147,0.205052,0.023000,1.342426,0.160917,0.679221,165.608759,2.614994,0.500000,0.108875,0.330001,0.000000
flat_trot_efficiency,1.50,2,pronking,0.820090,0.007584,0.682084,0.244836,0.018000,1.652686,0.140917,0.871544,180.741561,3.000000,0.500000,0.108930,0.291427,0.038573
flat_trot_efficiency,1.50,3,pacing,0.784265,0.043408,0.696044,0.240068,0.022000,1.588915,0.129500,0.723689,179.966555,2.884408,0.500000,0.120000,0.380001,0.038440
flat_trot_efficiency,1.50,4,bounding,0.755946,0.071728,0.704953,0.243298,0.018000,1.625919,0.154083,0.921581,191.935216,3.384409,0.500000,0.120000,0.341559,0.000000
flat_trot_efficiency,2.00,1,trotting,0.743454,0.000000,0.705094,0.343690,0.025000,1.456455,0.149083,0.908138,184.199458,3.380335,0.500000,0.108525,0.291967,0.000000
flat_trot_efficiency,2.00,2,pronking,0.687955,0.055499,0.671473,0.455039,0.026000,1.467204,0.147417,0.921534,190.858579,3.380901,0.500000,0.108567,0.330001,0.038089
flat_trot_efficiency,2.00,3,pacing,0.684581,0.058873,0.648915,0.387921,0.023000,1.215552,0.126083,0.778379,189.523864,2.880794,0.500000,0.120000,0.380001,-0.038079
flat_trot_efficiency,2.00,4,bounding,0.662550,0.080904,0.648291,0.389612,0.027000,1.418750,0.144750,1.125403,214.597862,3.381231,0.500000,0.120000,0.341877,-0.038122
push_lateral_pace_recovery,1.20,1,pronking,0.732790,0.000000,0.746994,0.170266,0.016000,1.205391,0.128167,0.989953,183.664819,3.387982,0.500000,0.109098,0.368797,0.000000
push_lateral_pace_recovery,1.20,2,trotting,0.714140,0.018650,0.744159,0.161786,0.018000,1.034179,0.199167,0.672078,140.352057,3.386793,0.500000,0.050991,0.291322,0.038678
push_lateral_pace_recovery,1.20,3,bounding,0.688643,0.044147,0.723085,0.191452,0.019000,1.136862,0.158583,0.859912,191.319843,3.386123,0.500000,0.120000,0.380001,0.038611
push_lateral_pace_recovery,1.20,4,pacing,0.670932,0.061858,0.681234,0.168083,0.017000,1.528062,0.132083,0.716850,169.732809,2.887331,0.500000,0.120000,0.380001,0.038732
push_lateral_pace_recovery,1.50,1,pronking,0.710027,0.000000,0.740404,0.249155,0.019000,1.147969,0.149750,0.751691,187.234653,2.615595,0.500000,0.108830,0.368439,0.000000
push_lateral_pace_recovery,1.50,2,trotting,0.697730,0.012297,0.734733,0.216649,0.022000,1.189441,0.168917,0.771051,161.357269,3.383560,0.500000,0.080000,0.291645,0.038355
push_lateral_pace_recovery,1.50,3,bounding,0.647833,0.062194,0.751576,0.262318,0.018000,1.283137,0.140167,0.858773,198.086539,3.000000,0.500000,0.120000,0.380001,0.038445
push_lateral_pace_recovery,1.50,4,pacing,0.647516,0.062511,0.697576,0.263866,0.022000,1.122488,0.122583,0.706605,177.113662,2.883781,0.500000,0.120000,0.341622,0.038377
push_lateral_pace_recovery,1.80,1,pronking,0.661526,0.000000,0.725231,0.366365,0.024000,1.275491,0.179167,0.813031,186.419269,2.616436,0.500000,0.108767,0.291644,0.000000
push_lateral_pace_recovery,1.80,2,trotting,0.658366,0.003160,0.739571,0.302005,0.023000,1.106905,0.164417,0.889445,171.535868,3.381385,0.500000,0.080000,0.368138,0.000000
push_lateral_pace_recovery,1.80,3,bounding,0.627242,0.034284,0.690102,0.331298,0.026000,1.220304,0.151500,0.927059,202.126222,3.382470,0.500000,0.091315,0.341753,-0.038246
push_lateral_pace_recovery,1.80,4,pacing,0.611031,0.050495,0.694189,0.321956,0.021000,1.300982,0.123583,0.720902,178.239687,2.881378,0.500000,0.120000,0.341862,0.000000
ramp_up_trot_robustness,0.50,1,pronking,0.891693,0.000000,0.798931,0.085250,0.007000,1.219176,0.053167,0.619284,239.556814,3.000000,0.500000,0.050405,0.330001,0.039459
ramp_up_trot_robustness,0.50,2,trotting,0.885329,0.006364,0.750898,0.068575,0.009000,1.657111,0.065000,0.438711,166.837765,2.605407,0.500000,0.050406,0.330001,0.039458
ramp_up_trot_robustness,0.50,3,pacing,0.869746,0.021947,0.766200,0.093330,0.008000,1.225885,0.015167,0.175827,222.966067,2.500000,0.500000,0.120000,0.380001,0.000000
ramp_up_trot_robustness,0.50,4,bounding,0.813027,0.078666,0.713498,0.146208,0.008000,1.847337,0.058750,0.556407,258.957330,2.605990,0.500000,0.090450,0.340598,0.000000
ramp_up_trot_robustness,1.00,1,pronking,0.853870,0.000000,0.750966,0.117291,0.018000,1.517758,0.050917,0.828840,170.669232,3.389211,0.500000,0.050810,0.330001,0.038920
ramp_up_trot_robustness,1.00,2,trotting,0.844724,0.009146,0.720370,0.128960,0.012000,1.787815,0.045167,0.607589,164.034334,2.610192,0.500000,0.109235,0.368980,0.038980
ramp_up_trot_robustness,1.00,3,pacing,0.811781,0.042089,0.826240,0.149563,0.016000,1.520730,0.040583,0.469896,174.450563,2.500000,0.500000,0.120000,0.380001,0.000000
ramp_up_trot_robustness,1.00,4,bounding,0.773107,0.080763,0.680021,0.171456,0.014000,1.798235,0.043833,0.818115,221.113883,3.389812,0.500000,0.120000,0.380001,0.038980
ramp_up_trot_robustness,1.50,1,pronking,0.776433,0.000000,0.722706,0.247610,0.021000,1.685774,0.046667,0.874175,189.427452,3.000000,0.500000,0.108886,0.368514,0.038515
ramp_up_trot_robustness,1.50,2,trotting,0.763098,0.013335,0.709393,0.246396,0.019000,1.633479,0.046167,0.726719,164.122429,3.385138,0.500000,0.051115,0.330001,0.038513
ramp_up_trot_robustness,1.50,3,pacing,0.731019,0.045414,0.727586,0.287675,0.022000,1.375932,0.027417,0.446122,170.224483,2.500000,0.500000,0.120000,0.380001,0.038355
ramp_up_trot_robustness,1.50,4,bounding,0.688865,0.087568,0.686503,0.284554,0.022000,1.585453,0.034333,0.730895,188.283700,3.000000,0.500000,0.091168,0.380001,0.000000
ramp_up_trot_robustness,2.00,1,pronking,0.654758,0.000000,0.712562,0.421378,0.023000,1.504462,0.055750,0.926503,198.491050,3.000000,0.500000,0.108605,0.330001,0.038139
ramp_up_trot_robustness,2.00,2,trotting,0.635182,0.019576,0.698502,0.445825,0.022000,1.420613,0.049750,0.765712,179.366564,3.000000,0.500000,0.051297,0.291729,0.000000
ramp_up_trot_robustness,2.00,3,pacing,0.588613,0.066145,0.648728,0.485434,0.029000,1.387209,0.036667,0.814728,204.288596,2.881408,0.500000,0.120000,0.380001,0.038140
ramp_up_trot_robustness,2.00,4,bounding,0.537209,0.117549,0.640422,0.496472,0.024000,1.364043,0.039417,0.980098,208.179273,3.000000,0.500000,0.091393,0.341857,-0.038143
rough_slope_trot_robustness,0.50,1,pronking,0.841523,0.000000,0.745198,0.085260,0.006000,1.507383,0.067083,0.617992,226.497479,3.394614,0.500000,0.050405,0.330001,0.039460
rough_slope_trot_robustness,0.50,2,trotting,0.830924,0.010599,0.730355,0.085423,0.005000,1.733600,0.076500,0.428745,160.533160,2.605389,0.500000,0.050405,0.290540,0.039460
rough_slope_trot_robustness,0.50,3,pacing,0.791466,0.050058,0.682821,0.097592,0.008000,1.772873,0.023833,0.275572,200.622407,2.500000,0.500000,0.120000,0.340478,0.039520
rough_slope_trot_robustness,0.50,4,bounding,0.756405,0.085119,0.664131,0.123982,0.008000,1.440964,0.082750,0.611438,234.439148,3.394586,0.500000,0.090407,0.380001,0.039457
rough_slope_trot_robustness,1.00,1,pronking,0.783244,0.000000,0.772796,0.170775,0.015000,1.675214,0.056417,0.732875,177.299532,3.000000,0.500000,0.080000,0.330001,0.038920
rough_slope_trot_robustness,1.00,2,trotting,0.773481,0.009764,0.700360,0.165395,0.018000,1.339360,0.058167,0.733553,173.123864,3.388971,0.500000,0.109172,0.368896,0.038896
rough_slope_trot_robustness,1.00,3,pacing,0.739080,0.044164,0.650316,0.175150,0.016000,1.562885,0.068000,0.670967,172.417863,2.889210,0.500000,0.120000,0.341079,0.038920
rough_slope_trot_robustness,1.00,4,bounding,0.706949,0.076296,0.656234,0.184769,0.019000,1.266937,0.070167,0.608772,177.217012,3.388611,0.500000,0.090855,0.380001,0.038860
rough_slope_trot_robustness,1.50,1,pronking,0.669597,0.000000,0.674544,0.312988,0.020000,1.539078,0.073083,0.722221,173.789468,3.385661,0.500000,0.108924,0.291435,0.038565
rough_slope_trot_robustness,1.50,2,trotting,0.660943,0.008654,0.676756,0.322896,0.023000,1.034042,0.067917,0.718945,173.284674,3.384993,0.500000,0.080000,0.368498,0.038498
rough_slope_trot_robustness,1.50,3,pacing,0.651825,0.017773,0.683942,0.293436,0.022000,1.336469,0.058250,0.742415,179.267565,2.885223,0.500000,0.120000,0.380001,0.000000
rough_slope_trot_robustness,1.50,4,bounding,0.633815,0.035782,0.646589,0.301187,0.018000,1.392321,0.056917,0.917203,202.107323,3.385608,0.500000,0.120000,0.341439,0.038560
rough_slope_trot_robustness,2.00,1,trotting,0.542754,0.000000,0.647185,0.492715,0.024000,1.352321,0.072250,0.708083,189.163520,2.617991,0.500000,0.108651,0.330001,0.038200
rough_slope_trot_robustness,2.00,2,pacing,0.510900,0.031854,0.619046,0.540759,0.023000,1.365992,0.070083,0.739114,211.751879,2.500000,0.500000,0.120000,0.341834,0.000000
rough_slope_trot_robustness,2.00,3,pronking,0.441403,0.101351,0.644081,0.648753,0.024000,1.292583,0.073167,0.807897,214.206674,3.000000,0.500000,0.080000,0.368273,-0.038273
rough_slope_trot_robustness,2.00,4,bounding,0.423651,0.119103,0.603445,0.640531,0.017000,1.657110,0.063833,0.823436,243.284285,3.000000,0.500000,0.120000,0.380001,-0.038320
stepping_stones_easy_bound_highspeed,1.70,1,pacing,0.595277,0.000000,0.664387,0.462065,0.019000,1.388187,0.113500,0.729700,222.920377,2.885609,0.500000,0.120000,0.380001,0.038560
stepping_stones_easy_bound_highspeed,1.70,2,pronking,0.592817,0.002460,0.684077,0.470062,0.019000,1.607630,0.117417,0.948664,223.381818,3.385609,0.500000,0.108920,0.368560,0.000000
stepping_stones_easy_bound_highspeed,1.70,3,trotting,0.581877,0.013400,0.675426,0.516735,0.021000,1.308875,0.114167,0.640178,222.927316,2.614992,0.500000,0.108875,0.291500,0.000000
stepping_stones_easy_bound_highspeed,1.70,4,bounding,0.578667,0.016610,0.660197,0.492659,0.021000,1.577707,0.109917,0.690909,238.861687,2.614520,0.500000,0.120000,0.341452,0.038547
stepping_stones_easy_bound_highspeed,2.00,1,pacing,0.565577,0.000000,0.715638,0.587498,0.025000,1.770106,0.101750,0.569065,211.345583,2.500000,0.500000,0.120000,0.380001,0.038440
stepping_stones_easy_bound_highspeed,2.00,2,trotting,0.537082,0.028495,0.676105,0.687500,0.020000,1.319588,0.113167,0.646136,228.842888,2.615022,0.500000,0.108873,0.330001,0.000000
stepping_stones_easy_bound_highspeed,2.00,3,bounding,0.518737,0.046840,0.712734,0.685621,0.018000,1.238118,0.103500,0.732745,260.044628,2.615010,0.500000,0.120000,0.380001,0.000000
stepping_stones_easy_bound_highspeed,2.00,4,pronking,0.504822,0.060755,0.676362,0.759363,0.020000,1.573500,0.120500,0.748250,261.752057,3.000000,0.500000,0.080000,0.330001,0.038622
