iteration,reward,done_rate,edge_reset_rate,vx_err,policy_loss,value_loss,entropy,log_std_mean,gait_pronk_ratio,gait_trot_ratio,gait_bound_ratio,gait_pace_ratio,flat_trot_efficiency_trot_ratio,flat_trot_efficiency_count,flat_trot_efficiency_pronk_ratio,flat_trot_efficiency_bound_ratio,flat_trot_efficiency_pace_ratio,ramp_up_trot_robustness_trot_ratio,ramp_up_trot_robustness_count,ramp_up_trot_robustness_pronk_ratio,ramp_up_trot_robustness_bound_ratio,ramp_up_trot_robustness_pace_ratio,rough_slope_trot_robustness_trot_ratio,rough_slope_trot_robustness_count,rough_slope_trot_robustness_pronk_ratio,rough_slope_trot_robustness_bound_ratio,rough_slope_trot_robustness_pace_ratio,push_lateral_pace_recovery_pace_ratio,push_lateral_pace_recovery_count,push_lateral_pace_recovery_pronk_ratio,push_lateral_pace_recovery_trot_ratio,push_lateral_pace_recovery_bound_ratio,stepping_stones_easy_bound_highspeed_bound_ratio,stepping_stones_easy_bound_highspeed_count,stepping_stones_easy_bound_highspeed_pronk_ratio,stepping_stones_easy_bound_highspeed_trot_ratio,stepping_stones_easy_bound_highspeed_pace_ratio,frequency_mean,duration_mean,footswing_height_mean,stance_width_mean,body_pitch_mean,action_clip_rate
0,0.7016687048599124,0.001953125,7.324218859139364e-05,0.563055606558919,-0.030474378901999444,113.21015691757202,4.980901837348938,-0.690962016582489,0.2801513671875,0.21337890625,0.270751953125,0.2357177734375,0.2211538553237915,52,0.2740384638309479,0.2740384638309479,0.23076924681663513,0.2187500149011612,51,0.27450981736183167,0.2714460790157318,0.2352941334247589,0.21262255311012268,51,0.27757352590560913,0.28370100259780884,0.22610294818878174,0.2506127655506134,51,0.2757353186607361,0.20588235557079315,0.26776960492134094,0.2567402124404907,51,0.29901960492134094,0.2083333432674408,0.23590686917304993,2.8229827880859375,0.5057782530784607,0.09681608527898788,0.348518043756485,0.001997861545532942,0.08554687350988388
1,0.8764697201550007,0.021728515625,0.004125976656723651,0.48994255624711514,-0.01995244444697164,91.83882761001587,4.985266447067261,-0.6885063052177429,0.28369140625,0.2076416015625,0.27294921875,0.2357177734375,0.19891828298568726,52,0.2650240361690521,0.2764423191547394,0.25961539149284363,0.21139706671237946,51,0.28370100259780884,0.28002452850341797,0.2248774617910385,0.21078431606292725,51,0.29411765933036804,0.2542892098426819,0.24080882966518402,0.23223039507865906,51,0.27879902720451355,0.2132353037595749,0.2757353186607361,0.27818629145622253,51,0.2971813976764679,0.20404411852359772,0.22058823704719543,2.874180555343628,0.5075728297233582,0.09289835393428802,0.3479769229888916,0.0006476407288573682,0.09218750149011612
2,0.9596345126628876,0.0140380859375,0.002758789123618044,0.4608198283240199,-0.009008521010400727,116.67434501647949,5.000825941562653,-0.6867198348045349,0.279541015625,0.21533203125,0.2681884765625,0.2369384765625,0.23016828298568726,52,0.254807710647583,0.2734375,0.24158655107021332,0.21629902720451355,51,0.2867647111415863,0.25183823704719543,0.2450980544090271,0.20404411852359772,51,0.29473039507865906,0.2873774468898773,0.2138480395078659,0.24142158031463623,51,0.28431373834609985,0.2193627506494522,0.2549019753932953,0.27328431606292725,51,0.27757352590560913,0.20649510622024536,0.24264706671237946,2.858079433441162,0.4989488124847412,0.09188058972358704,0.34477341175079346,0.0004400805046316236,0.09592285007238388
3,0.8611581027507782,0.019287109375,0.0036376953939907253,0.49457728024572134,-0.015817655803402886,119.25946998596191,5.00504744052887,-0.6852260231971741,0.2803955078125,0.223388671875,0.263671875,0.2325439453125,0.23137019574642181,52,0.28125,0.25360578298568726,0.23377405107021332,0.23039215803146362,51,0.2757353186607361,0.26286765933036804,0.23100490868091583,0.21139706671237946,51,0.26409316062927246,0.2769607901573181,0.24754902720451355,0.23284314572811127,51,0.28370100259780884,0.2291666716337204,0.2542892098426819,0.2708333432674408,51,0.2971813976764679,0.21446079015731812,0.21752451360225677,2.87099552154541,0.5021709203720093,0.09294827282428741,0.3439125418663025,0.0008626646012999117,0.10051269829273224
4,0.8673646859824657,0.017333984375,0.0033935547617147677,0.48719296138733625,-0.004252335973433219,126.62239837646484,5.01108905673027,-0.6835004687309265,0.271240234375,0.2203369140625,0.271484375,0.2369384765625,0.23798078298568726,52,0.2764423191547394,0.2584134638309479,0.22716346383094788,0.22549019753932953,51,0.2696078419685364,0.27389708161354065,0.23100490868091583,0.20955882966518402,51,0.27879902720451355,0.27267158031463623,0.2389705926179886,0.2555147111415863,51,0.2604166865348816,0.21568627655506134,0.26838237047195435,0.28431373834609985,51,0.2708333432674408,0.21262255311012268,0.23223039507865906,2.855499267578125,0.5020148754119873,0.09450703859329224,0.3474957346916199,-0.00034221127862110734,0.10280761867761612
5,0.898147564381361,0.0179443359375,0.0035156250651198206,0.48095995001494884,-0.017212816601386294,151.45712852478027,5.02043679356575,-0.6816155314445496,0.2840576171875,0.217041015625,0.267822265625,0.2310791015625,0.22295673191547394,52,0.28245192766189575,0.2524038553237915,0.2421875149011612,0.22120098769664764,51,0.27389708161354065,0.2763480544090271,0.22855393588542938,0.20465686917304993,51,0.2763480544090271,0.2757353186607361,0.24325981736183167,0.21629902720451355,51,0.28982844948768616,0.23161765933036804,0.262254923582077,0.27267158031463623,51,0.2977941334247589,0.20465686917304993,0.2248774617910385,2.833162784576416,0.500097393989563,0.09346538037061691,0.345455139875412,-0.0008144868188537657,0.09982910007238388
6,0.9133920446038246,0.0164794921875,0.003125000066575012,0.4748536078259349,-0.014639124041423202,144.5270881652832,5.028268605470657,-0.6802120208740234,0.2777099609375,0.2266845703125,0.27001953125,0.2255859375,0.2530048191547394,52,0.2602163553237915,0.2554086744785309,0.23137019574642181,0.21568627655506134,51,0.28308823704719543,0.2867647111415863,0.21446079015731812,0.22610294818878174,51,0.2653186321258545,0.2757353186607361,0.23284314572811127,0.22732843458652496,51,0.29534316062927246,0.2193627506494522,0.25796568393707275,0.27450981736183167,51,0.28492647409439087,0.2187500149011612,0.22181373834609985,2.880185127258301,0.501632809638977,0.09314270317554474,0.34399259090423584,0.0006785864825360477,0.10808105766773224
7,0.8778270892798901,0.01904296875,0.0035888672828150447,0.4906142856925726,-0.02092774651828222,151.0272626876831,5.033258080482483,-0.6785282492637634,0.2744140625,0.230712890625,0.2755126953125,0.2193603515625,0.24519231915473938,52,0.28004810214042664,0.26442307233810425,0.21033655107021332,0.2346813827753067,51,0.27818629145622253,0.27757352590560913,0.20955882966518402,0.21997550129890442,51,0.2769607901573181,0.27879902720451355,0.2242647111415863,0.23651961982250214,51,0.2708333432674408,0.22120098769664764,0.2714460790157318,0.2855392396450043,51,0.2659313678741455,0.23223039507865906,0.21629902720451355,2.879817485809326,0.5017251968383789,0.09573471546173096,0.34429776668548584,0.0021420838311314583,0.11052246391773224
8,0.8427348975092173,0.0186767578125,0.0035888672446162673,0.5075024617835879,-0.02311489707790315,144.9811773300171,5.035536825656891,-0.676791250705719,0.300048828125,0.2293701171875,0.25927734375,0.2113037109375,0.24338942766189575,52,0.28545674681663513,0.23257212340831757,0.23858174681663513,0.23774510622024536,51,0.31066176295280457,0.2604166865348816,0.19117647409439087,0.23651961982250214,51,0.3069853186607361,0.2591911852359772,0.19730393588542938,0.21017158031463623,51,0.2910539209842682,0.2193627506494522,0.27941176295280457,0.2653186321258545,51,0.3063725531101227,0.20955882966518402,0.2187500149011612,2.854835033416748,0.4983817934989929,0.09225191920995712,0.3443378508090973,0.0021551866084337234,0.11115723103284836
9,0.9329551421105862,0.016357421875,0.003222656323487172,0.46875269059091806,-0.015431990701472387,143.38086032867432,5.046566396951675,-0.6754813194274902,0.299072265625,0.239990234375,0.249267578125,0.211669921875,0.2506009638309479,52,0.28545674681663513,0.24939905107021332,0.21454328298568726,0.2352941334247589,51,0.30024510622024536,0.23345589637756348,0.23100490868091583,0.23345589637756348,51,0.30392158031463623,0.25245100259780884,0.21017158031463623,0.2028186321258545,51,0.2984068691730499,0.240196093916893,0.25857844948768616,0.25245100259780884,51,0.3075980544090271,0.240196093916893,0.19975490868091583,2.8790457248687744,0.49709299206733704,0.09221144020557404,0.34202083945274353,0.002045706380158663,0.11423339694738388
10,0.9298094846308231,0.017822265625,0.003442382889261353,0.47107433527708054,-0.021499170688912272,168.71589851379395,5.056936889886856,-0.6742078065872192,0.28466796875,0.2232666015625,0.265625,0.2264404296875,0.20372596383094788,52,0.29807692766189575,0.2584134638309479,0.2397836595773697,0.23223039507865906,51,0.26838237047195435,0.25796568393707275,0.24142158031463623,0.23713235557079315,51,0.2659313678741455,0.2818627655506134,0.21507354080677032,0.22671569883823395,51,0.2922794222831726,0.22242647409439087,0.25857844948768616,0.2714460790157318,51,0.2984068691730499,0.22120098769664764,0.2089460790157318,2.845038890838623,0.5067223310470581,0.09153448045253754,0.3449086844921112,0.004878373816609383,0.11809082329273224
11,0.849979130551219,0.0174560546875,0.003247070391807938,0.5028964122757316,-0.02405457486747764,166.2938814163208,5.060055911540985,-0.6729779243469238,0.28125,0.2396240234375,0.2503662109375,0.228759765625,0.2343750149011612,52,0.28125,0.2554086744785309,0.2289663553237915,0.25183823704719543,51,0.28492647409439087,0.23713235557079315,0.22610294818878174,0.24325981736183167,51,0.26348039507865906,0.262254923582077,0.23100490868091583,0.23284314572811127,51,0.2971813976764679,0.2346813827753067,0.2352941334247589,0.2616421580314636,51,0.27941176295280457,0.2340686321258545,0.2248774617910385,2.882727861404419,0.5084459781646729,0.09166809916496277,0.34262844920158386,0.0031507215462625027,0.1214599609375
12,0.8574572037905455,0.0179443359375,0.003417968817302608,0.4955077162012458,-0.021268126845825464,166.10536670684814,5.064244508743286,-0.6716252565383911,0.2637939453125,0.248779296875,0.2471923828125,0.240234375,0.2475961595773697,52,0.26382213830947876,0.23918269574642181,0.24939905107021332,0.25,51,0.26838237047195435,0.23039215803146362,0.2512255012989044,0.25,51,0.25735294818878174,0.25796568393707275,0.2346813827753067,0.24142158031463623,51,0.25796568393707275,0.24632354080677032,0.2542892098426819,0.2542892098426819,51,0.2714460790157318,0.25,0.2242647111415863,2.8683524131774902,0.500276505947113,0.09295867383480072,0.34507864713668823,0.004093451891094446,0.1207275390625
13,0.837188882753253,0.0194091796875,0.0037841797748114914,0.5144516471773386,-0.021082842751638964,172.0625228881836,5.06955960392952,-0.6704398989677429,0.26904296875,0.241943359375,0.2509765625,0.238037109375,0.23617789149284363,52,0.2650240361690521,0.26201924681663513,0.2367788553237915,0.24816177785396576,51,0.2555147111415863,0.25,0.24632354080677032,0.2450980544090271,51,0.27941176295280457,0.23161765933036804,0.24387255311012268,0.2346813827753067,51,0.26776960492134094,0.24571079015731812,0.25183823704719543,0.2591911852359772,51,0.27757352590560913,0.2346813827753067,0.22855393588542938,2.8564813137054443,0.5037477016448975,0.0921889990568161,0.3441227972507477,0.005790184251964092,0.12761230766773224
14,0.9012333508580923,0.0169677734375,0.0033203125713043846,0.4854208305478096,-0.018807546148309484,177.72116374969482,5.069859653711319,-0.669339120388031,0.2689208984375,0.240234375,0.2386474609375,0.252197265625,0.2289663553237915,52,0.27524039149284363,0.24579328298568726,0.25,0.24387255311012268,51,0.2757353186607361,0.23345589637756348,0.24693627655506134,0.24754902720451355,51,0.26286765933036804,0.24203431606292725,0.24754902720451355,0.2395833432674408,51,0.26776960492134094,0.2512255012989044,0.24142158031463623,0.23039215803146362,51,0.26286765933036804,0.2297794222831726,0.2769607901573181,2.8925094604492188,0.5042715072631836,0.09276679903268814,0.3492799401283264,0.004500463604927063,0.12895508110523224
15,0.8681403659284115,0.016845703125,0.0032470703772560228,0.49243795964866877,-0.01922349794767797,181.7265501022339,5.074121415615082,-0.6683195233345032,0.26416015625,0.2435302734375,0.247802734375,0.2445068359375,0.23918269574642181,52,0.26923078298568726,0.24639424681663513,0.24519231915473938,0.25796568393707275,51,0.26899510622024536,0.23345589637756348,0.2395833432674408,0.23651961982250214,51,0.2555147111415863,0.2665441334247589,0.24142158031463623,0.2450980544090271,51,0.2855392396450043,0.23100490868091583,0.23835785686969757,0.2542892098426819,51,0.24142158031463623,0.25306373834609985,0.2512255012989044,2.8646554946899414,0.5074664950370789,0.0912996456027031,0.34357666969299316,0.005385987460613251,0.130126953125
16,0.8845703955739737,0.0174560546875,0.003417968817302608,0.4856417030096054,-0.020610933075658977,180.81737232208252,5.079487085342407,-0.6671499609947205,0.2701416015625,0.2298583984375,0.265625,0.234375,0.23317308723926544,52,0.28305289149284363,0.2554086744785309,0.22836539149284363,0.22181373834609985,51,0.2555147111415863,0.2861519753932953,0.23651961982250214,0.24325981736183167,51,0.2567402124404907,0.2512255012989044,0.24877451360225677,0.23835785686969757,51,0.2763480544090271,0.21752451360225677,0.26776960492134094,0.26776960492134094,51,0.27879902720451355,0.23345589637756348,0.21997550129890442,2.8475499153137207,0.5054949522018433,0.09300066530704498,0.34554851055145264,0.0037563445512205362,0.12595215439796448
17,0.8564327862113714,0.0181884765625,0.0035156251014996087,0.4945511296391487,-0.017357248871121556,205.6625919342041,5.087835431098938,-0.6660417318344116,0.2572021484375,0.2464599609375,0.260009765625,0.236328125,0.25360578298568726,52,0.25120192766189575,0.26382213830947876,0.23137019574642181,0.24264706671237946,51,0.26838237047195435,0.2616421580314636,0.22732843458652496,0.23651961982250214,51,0.25245100259780884,0.26286765933036804,0.24816177785396576,0.23223039507865906,51,0.2610294222831726,0.2610294222831726,0.24571079015731812,0.2659313678741455,51,0.25306373834609985,0.23835785686969757,0.24264706671237946,2.878528356552124,0.5090808272361755,0.09432660788297653,0.34592103958129883,0.005715522915124893,0.12895508110523224
18,0.9050660263746977,0.0179443359375,0.0034667969703150447,0.47654719185084105,-0.01968083274550736,184.84392547607422,5.090152144432068,-0.6655871868133545,0.265380859375,0.23828125,0.2545166015625,0.2418212890625,0.23798078298568726,52,0.25661057233810425,0.25360578298568726,0.25180289149284363,0.23100490868091583,51,0.25735294818878174,0.2561274468898773,0.2555147111415863,0.24632354080677032,51,0.26838237047195435,0.2555147111415863,0.2297794222831726,0.23100490868091583,51,0.28921568393707275,0.2291666716337204,0.2506127655506134,0.2567402124404907,51,0.2555147111415863,0.24693627655506134,0.24080882966518402,2.855567216873169,0.5053160190582275,0.09217143803834915,0.34750452637672424,0.003662393195554614,0.13100586831569672
19,0.8978220857679844,0.017578125,0.003393554745343863,0.4894470600411296,-0.019402653008000925,196.39359951019287,5.0896220207214355,-0.6648623943328857,0.2781982421875,0.2340087890625,0.2454833984375,0.2423095703125,0.24278846383094788,52,0.2728365361690521,0.24399039149284363,0.24038462340831757,0.24142158031463623,51,0.27818629145622253,0.24080882966518402,0.2395833432674408,0.24325981736183167,51,0.27450981736183167,0.24571079015731812,0.23651961982250214,0.2444853037595749,51,0.2867647111415863,0.21752451360225677,0.2512255012989044,0.24571079015731812,51,0.27879902720451355,0.2248774617910385,0.2506127655506134,2.869190216064453,0.5086550712585449,0.09276671707630157,0.3453338146209717,0.003487585810944438,0.13205567002296448
20,0.9044572338461876,0.018310546875,0.0035156250651198206,0.48095867969095707,-0.017799184017349035,183.65809726715088,5.088417947292328,-0.6639957427978516,0.260986328125,0.2314453125,0.2646484375,0.242919921875,0.25120192766189575,52,0.2680288553237915,0.25420674681663513,0.2265625149011612,0.2352941334247589,51,0.25183823704719543,0.25796568393707275,0.2549019753932953,0.2395833432674408,51,0.2506127655506134,0.27267158031463623,0.23713235557079315,0.24816177785396576,51,0.2610294222831726,0.2187500149011612,0.2720588445663452,0.2665441334247589,51,0.27328431606292725,0.21200981736183167,0.24816177785396576,2.8609399795532227,0.507404088973999,0.09086038172245026,0.3445083498954773,0.0033359499648213387,0.13330078125
21,0.8639938849955797,0.01708984375,0.003320312542200554,0.5031717466190457,-0.018913985783001408,189.61753368377686,5.08968386054039,-0.6632782816886902,0.2745361328125,0.22265625,0.257080078125,0.2457275390625,0.22536058723926544,52,0.27223557233810425,0.25180289149284363,0.2506009638309479,0.22549019753932953,51,0.24938726425170898,0.2659313678741455,0.2591911852359772,0.23100490868091583,51,0.28370100259780884,0.2555147111415863,0.2297794222831726,0.24693627655506134,51,0.280637264251709,0.2138480395078659,0.25857844948768616,0.25367647409439087,51,0.2867647111415863,0.21752451360225677,0.24203431606292725,2.862835168838501,0.5035113096237183,0.0946081131696701,0.3450133800506592,0.00034461310133337975,0.13469238579273224
22,0.888296527788043,0.0159912109375,0.00312500007385097,0.488544843159616,-0.01919482767698355,183.5374631881714,5.093298226594925,-0.6626994013786316,0.264892578125,0.2252197265625,0.2628173828125,0.2470703125,0.2163461595773697,52,0.24699519574642181,0.2740384638309479,0.262620210647583,0.23590686917304993,51,0.2702206075191498,0.24938726425170898,0.2444853037595749,0.2187500149011612,51,0.2696078419685364,0.2659313678741455,0.24571079015731812,0.2542892098426819,51,0.27389708161354065,0.22610294818878174,0.24571079015731812,0.27879902720451355,51,0.26409316062927246,0.2291666716337204,0.22794118523597717,2.877006769180298,0.507550835609436,0.09047137200832367,0.3466515839099884,0.0018182875355705619,0.13715820014476776
23,0.9212465491145849,0.016845703125,0.0033203125876752893,0.46700049098581076,-0.017566276132129133,189.4445858001709,5.095572203397751,-0.6621000170707703,0.258544921875,0.243408203125,0.2579345703125,0.2401123046875,0.265625,52,0.2421875149011612,0.25600963830947876,0.23617789149284363,0.2549019753932953,51,0.25796568393707275,0.24387255311012268,0.24325981736183167,0.23100490868091583,51,0.2665441334247589,0.27328431606292725,0.2291666716337204,0.24571079015731812,51,0.26776960492134094,0.22794118523597717,0.25857844948768616,0.25796568393707275,51,0.25857844948768616,0.23713235557079315,0.24632354080677032,2.8726515769958496,0.5045571327209473,0.09341831505298615,0.3441593050956726,0.003682994283735752,0.13493652641773224
24,0.894068518653512,0.017822265625,0.0033935547562577995,0.4948311746120453,-0.014242994104279205,256.6485118865967,5.097309798002243,-0.661493718624115,0.2623291015625,0.2293701171875,0.262451171875,0.245849609375,0.23497596383094788,52,0.26382213830947876,0.24519231915473938,0.25600963830947876,0.23223039507865906,51,0.2561274468898773,0.2671568691730499,0.2444853037595749,0.23223039507865906,51,0.2647058963775635,0.2665441334247589,0.23651961982250214,0.2506127655506134,51,0.25306373834609985,0.23284314572811127,0.26348039507865906,0.2702206075191498,51,0.27389708161354065,0.21446079015731812,0.24142158031463623,2.8465921878814697,0.5068243741989136,0.09180949628353119,0.3443409204483032,0.005021096207201481,0.13850097358226776
25,0.8451409973204136,0.017822265625,0.003466796966677066,0.4976846380159259,-0.02005367717356421,166.1214485168457,5.095465958118439,-0.6605775952339172,0.2694091796875,0.231201171875,0.260986328125,0.2384033203125,0.25120192766189575,52,0.25,0.25120192766189575,0.2475961595773697,0.23774510622024536,51,0.25857844948768616,0.26776960492134094,0.23590686917304993,0.22610294818878174,51,0.2720588445663452,0.2714460790157318,0.23039215803146362,0.2444853037595749,51,0.27941176295280457,0.21691177785396576,0.2591911852359772,0.2555147111415863,51,0.2873774468898773,0.2236519753932953,0.23345589637756348,2.8836734294891357,0.5021966695785522,0.09312476962804794,0.34134599566459656,0.004352140240371227,0.14152832329273224
26,0.8870042599737644,0.019775390625,0.0038574219652218744,0.47817104309797287,-0.02007741923443973,179.67845916748047,5.098643660545349,-0.6595453023910522,0.2698974609375,0.2366943359375,0.25732421875,0.236083984375,0.24158655107021332,52,0.2602163553237915,0.25180289149284363,0.24639424681663513,0.22794118523597717,51,0.2671568691730499,0.27267158031463623,0.23223039507865906,0.2450980544090271,51,0.24877451360225677,0.2708333432674408,0.2352941334247589,0.23713235557079315,51,0.28002452850341797,0.2297794222831726,0.25306373834609985,0.23835785686969757,51,0.293504923582077,0.2389705926179886,0.2291666716337204,2.873039484024048,0.505901575088501,0.09387411177158356,0.3428918719291687,0.0024474875535815954,0.13955079019069672
27,0.9098483081907034,0.016357421875,0.0031494141276198206,0.4798592971637845,-0.01998256855586078,156.8377628326416,5.1033971309661865,-0.6583865284919739,0.278564453125,0.2337646484375,0.2491455078125,0.238525390625,0.23737981915473938,52,0.2728365361690521,0.25420674681663513,0.23557692766189575,0.2549019753932953,51,0.2671568691730499,0.24816177785396576,0.2297794222831726,0.2089460790157318,51,0.293504923582077,0.262254923582077,0.2352941334247589,0.24632354080677032,51,0.2665441334247589,0.23651961982250214,0.2506127655506134,0.23039215803146362,51,0.2928921580314636,0.23100490868091583,0.24571079015731812,2.8607113361358643,0.5106335878372192,0.09437704086303711,0.34494566917419434,0.005919501185417175,0.14069823920726776
28,0.895233865827322,0.017822265625,0.0034667969466681825,0.48727129120379686,-0.018741338019026443,190.25430393218994,5.106033802032471,-0.6572713851928711,0.2918701171875,0.2432861328125,0.2364501953125,0.2283935546875,0.2572115361690521,52,0.28305289149284363,0.23737981915473938,0.22235578298568726,0.2444853037595749,51,0.2763480544090271,0.24816177785396576,0.23100490868091583,0.2291666716337204,51,0.29411765933036804,0.25367647409439087,0.22303922474384308,0.2297794222831726,51,0.3069853186607361,0.24264706671237946,0.22058823704719543,0.22242647409439087,51,0.29901960492134094,0.24264706671237946,0.23590686917304993,2.8542540073394775,0.5037455558776855,0.09242125600576401,0.34429067373275757,0.005975755862891674,0.1424560546875
29,0.9455134570598602,0.0185546875,0.0034423829019942787,0.47214342281222343,-0.018219487799797207,183.204363822937,5.107750594615936,-0.6562912464141846,0.2869873046875,0.252197265625,0.254150390625,0.2066650390625,0.24939905107021332,52,0.29507213830947876,0.23798078298568726,0.21754808723926544,0.25857844948768616,51,0.2708333432674408,0.2591911852359772,0.21139706671237946,0.24693627655506134,51,0.2818627655506134,0.2567402124404907,0.21446079015731812,0.19730393588542938,51,0.2867647111415863,0.2542892098426819,0.2616421580314636,0.2555147111415863,51,0.30024510622024536,0.25183823704719543,0.1924019604921341,2.8752992153167725,0.5085651874542236,0.0901850014925003,0.3422889709472656,0.004573945887386799,0.14030762016773224
30,0.9522906802594662,0.0145263671875,0.002832031332218321,0.45329640060663223,-0.01757333024579566,176.35962867736816,5.11149337887764,-0.6553177237510681,0.2891845703125,0.245361328125,0.2471923828125,0.21826171875,0.2554086744785309,52,0.293870210647583,0.22716346383094788,0.22355769574642181,0.2236519753932953,51,0.280637264251709,0.2598039209842682,0.23590686917304993,0.2542892098426819,51,0.28370100259780884,0.24693627655506134,0.21507354080677032,0.20955882966518402,51,0.2910539209842682,0.240196093916893,0.2591911852359772,0.24325981736183167,51,0.2965686321258545,0.25306373834609985,0.20710785686969757,2.8769922256469727,0.5036783814430237,0.09275989234447479,0.34249770641326904,0.0030329087749123573,0.145263671875
31,0.9044192805886269,0.0191650390625,0.00371093757894414,0.487702339887619,-0.017989884363487363,222.44551849365234,5.115104824304581,-0.6547529101371765,0.2935791015625,0.2415771484375,0.2513427734375,0.2135009765625,0.23918269574642181,52,0.26923078298568726,0.2686298191547394,0.22295673191547394,0.2671568691730499,51,0.2769607901573181,0.2444853037595749,0.21139706671237946,0.24080882966518402,51,0.29901960492134094,0.24264706671237946,0.21752451360225677,0.2083333432674408,51,0.30882352590560913,0.22671569883823395,0.2561274468898773,0.2444853037595749,51,0.31433823704719543,0.2340686321258545,0.20710785686969757,2.892387866973877,0.5043365955352783,0.09195457398891449,0.34023845195770264,0.004045647103339434,0.14865723252296448
32,0.9381850827485323,0.01953125,0.0038330079023580765,0.4562779376283288,-0.019843241316266358,164.81413078308105,5.112849861383438,-0.6536523103713989,0.30322265625,0.23486328125,0.2496337890625,0.2122802734375,0.23617789149284363,52,0.2944711744785309,0.24639424681663513,0.22295673191547394,0.2389705926179886,51,0.2928921580314636,0.2512255012989044,0.21691177785396576,0.22610294818878174,51,0.3180147111415863,0.24816177785396576,0.2077205926179886,0.2138480395078659,51,0.30392158031463623,0.22732843458652496,0.2549019753932953,0.24754902720451355,51,0.3069853186607361,0.24571079015731812,0.19975490868091583,2.873884916305542,0.5071449875831604,0.09068065881729126,0.3402709662914276,0.0025888606905937195,0.14777831733226776
33,0.9957748670130968,0.0159912109375,0.003100586038272013,0.451151211746037,-0.019238430249970406,187.8385591506958,5.117442816495895,-0.6523771286010742,0.2945556640625,0.24951171875,0.255126953125,0.2008056640625,0.24038462340831757,52,0.3100961744785309,0.2530048191547394,0.19651442766189575,0.2591911852359772,51,0.2665441334247589,0.25796568393707275,0.21629902720451355,0.24325981736183167,51,0.280637264251709,0.2604166865348816,0.21568627655506134,0.1819853037595749,51,0.31066176295280457,0.2591911852359772,0.24816177785396576,0.2561274468898773,51,0.30453431606292725,0.24571079015731812,0.1936274617910385,2.890233039855957,0.5093555450439453,0.0919419527053833,0.34325987100601196,0.004187373444437981,0.14980469644069672
34,0.933041175827384,0.017578125,0.0034179687972937245,0.4720188667997718,-0.01911180347087793,199.86334037780762,5.119742810726166,-0.6516488194465637,0.3154296875,0.244384765625,0.2379150390625,0.2022705078125,0.24158655107021332,52,0.3070913553237915,0.24579328298568726,0.2055288553237915,0.2659313678741455,51,0.30514708161354065,0.22242647409439087,0.20649510622024536,0.2340686321258545,51,0.311887264251709,0.24938726425170898,0.20465686917304993,0.21017158031463623,51,0.31004902720451355,0.2450980544090271,0.2346813827753067,0.23713235557079315,51,0.343137264251709,0.2352941334247589,0.18443627655506134,2.882206439971924,0.5058526992797852,0.0915624350309372,0.3424297571182251,0.0027653714641928673,0.14716796576976776
35,0.9158460684120655,0.0174560546875,0.003320312560390448,0.48818696569651365,-0.020374795072712004,204.57973670959473,5.109972238540649,-0.6510012745857239,0.320068359375,0.2496337890625,0.234375,0.1959228515625,0.2572115361690521,52,0.31370192766189575,0.22055289149284363,0.2085336595773697,0.2450980544090271,51,0.3131127655506134,0.23774510622024536,0.20404411852359772,0.2506127655506134,51,0.3069853186607361,0.25,0.1924019604921341,0.18443627655506134,51,0.33088237047195435,0.2512255012989044,0.23345589637756348,0.23039215803146362,51,0.33578431606292725,0.24387255311012268,0.18995098769664764,2.9008889198303223,0.5086728930473328,0.09154485166072845,0.3395819664001465,0.004239520989358425,0.1534423828125
36,0.8802115879952908,0.016845703125,0.003369140695212991,0.48984978906810284,-0.01874544774182141,187.33761024475098,5.1070051193237305,-0.6502479910850525,0.3377685546875,0.240234375,0.22412109375,0.1978759765625,0.25120192766189575,52,0.31850963830947876,0.21814905107021332,0.21213942766189575,0.24264706671237946,51,0.35232844948768616,0.2138480395078659,0.19117647409439087,0.23284314572811127,51,0.32046568393707275,0.23774510622024536,0.2089460790157318,0.19730393588542938,51,0.3443627655506134,0.23039215803146362,0.22794118523597717,0.22303922474384308,51,0.3535539209842682,0.24387255311012268,0.17953431606292725,2.85775089263916,0.5059366822242737,0.08922130614519119,0.33803120255470276,0.001417113933712244,0.15358887612819672
37,0.9137199576944113,0.0191650390625,0.0037109375989530236,0.4758500624448061,-0.020384936273330823,197.43338775634766,5.1086128652095795,-0.6492806077003479,0.35302734375,0.248779296875,0.2109375,0.187255859375,0.2662259638309479,52,0.3275240361690521,0.20733173191547394,0.19891828298568726,0.24816177785396576,51,0.3480392396450043,0.21200981736183167,0.19178922474384308,0.24693627655506134,51,0.3504902124404907,0.21446079015731812,0.1881127506494522,0.19914215803146362,51,0.3388480544090271,0.2444853037595749,0.21752451360225677,0.2034313827753067,51,0.4007353186607361,0.23774510622024536,0.15808823704719543,2.8630270957946777,0.5050645470619202,0.08992420881986618,0.3361836373806,0.004743032623082399,0.15812988579273224
38,0.953932847827673,0.0172119140625,0.0033447266432631295,0.4621068648993969,-0.01895338192116469,179.03583145141602,5.11014398932457,-0.648021399974823,0.3509521484375,0.25,0.2147216796875,0.184326171875,0.25120192766189575,52,0.3305288553237915,0.21935096383094788,0.19891828298568726,0.2647058963775635,51,0.3284313976764679,0.22610294818878174,0.18075981736183167,0.2340686321258545,51,0.3553921580314636,0.21139706671237946,0.19914215803146362,0.1770833432674408,51,0.3535539209842682,0.2708333432674408,0.1985294222831726,0.21813726425170898,51,0.387254923582077,0.2291666716337204,0.16544118523597717,2.8517532348632812,0.5014482140541077,0.0893269032239914,0.3371843695640564,0.00441681919619441,0.15883789956569672
39,0.9742427337914705,0.0172119140625,0.0033447266378061613,0.4610330546274781,-0.019868122995831072,184.816312789917,5.116402119398117,-0.6471583247184753,0.3603515625,0.2489013671875,0.2093505859375,0.181396484375,0.24879808723926544,52,0.35276442766189575,0.20372596383094788,0.19471155107021332,0.240196093916893,51,0.36151963472366333,0.21262255311012268,0.18566177785396576,0.2542892098426819,51,0.3339460790157318,0.22242647409439087,0.18933823704719543,0.17463235557079315,51,0.3713235557079315,0.24877451360225677,0.20526961982250214,0.2028186321258545,51,0.38235294818878174,0.25245100259780884,0.1623774617910385,2.868117332458496,0.5029134154319763,0.09062020480632782,0.3393029570579529,0.005796003621071577,0.15786133706569672
40,0.9220829382538795,0.0186767578125,0.0037109375480213203,0.4786516772583127,-0.01725792427896522,208.46077632904053,5.119368374347687,-0.6464928388595581,0.3499755859375,0.2579345703125,0.205078125,0.18701171875,0.27223557233810425,52,0.34194713830947876,0.1977163553237915,0.18810096383094788,0.2653186321258545,51,0.33700981736183167,0.20710785686969757,0.19056373834609985,0.262254923582077,51,0.34129902720451355,0.2187500149011612,0.1776960790157318,0.18504902720451355,51,0.36825981736183167,0.2506127655506134,0.19607843458652496,0.20588235557079315,51,0.36151963472366333,0.2389705926179886,0.1936274617910385,2.8784775733947754,0.5073112845420837,0.08922979235649109,0.3384826183319092,0.0064411889761686325,0.162109375
41,0.8953312784433365,0.01611328125,0.0030517578834405867,0.4871390853077173,-0.019877795479260385,163.2756872177124,5.122970819473267,-0.645622730255127,0.3472900390625,0.2464599609375,0.217041015625,0.189208984375,0.262620210647583,52,0.3335336744785309,0.2211538553237915,0.18269231915473938,0.24387255311012268,51,0.33700981736183167,0.22242647409439087,0.19669118523597717,0.24325981736183167,51,0.33700981736183167,0.23161765933036804,0.1881127506494522,0.1924019604921341,51,0.36213237047195435,0.24571079015731812,0.19975490868091583,0.21017158031463623,51,0.36703431606292725,0.23651961982250214,0.18627451360225677,2.9201784133911133,0.5040593147277832,0.08929801732301712,0.33648571372032166,0.005955374799668789,0.16411133110523224
42,0.9794128891080618,0.0185546875,0.0036132813220319804,0.4543355517089367,-0.01966237445594743,185.34346389770508,5.1283083856105804,-0.6448542475700378,0.3397216796875,0.2554931640625,0.20751953125,0.197265625,0.25360578298568726,52,0.3197115361690521,0.21394231915473938,0.21274039149284363,0.2604166865348816,51,0.3296568691730499,0.21262255311012268,0.19730393588542938,0.2757353186607361,51,0.31556373834609985,0.2034313827753067,0.20526961982250214,0.19607843458652496,51,0.3609068691730499,0.24632354080677032,0.19669118523597717,0.21078431606292725,51,0.37316179275512695,0.24142158031463623,0.17463235557079315,2.8573522567749023,0.5008354187011719,0.08904522657394409,0.33718907833099365,0.0037382859736680984,0.16357421875
43,0.9247886836528778,0.016845703125,0.003149414151266683,0.47892849799245596,-0.017444657685700804,179.31446170806885,5.128538906574249,-0.6434361338615417,0.353271484375,0.2513427734375,0.2000732421875,0.1953125,0.2650240361690521,52,0.32211539149284363,0.20432692766189575,0.2085336595773697,0.2604166865348816,51,0.34191176295280457,0.17524510622024536,0.22242647409439087,0.25306373834609985,51,0.34620100259780884,0.20465686917304993,0.19607843458652496,0.1819853037595749,51,0.3700980544090271,0.24693627655506134,0.20098039507865906,0.21507354080677032,51,0.3866421580314636,0.23100490868091583,0.1672794222831726,2.890881061553955,0.5043688416481018,0.08861500024795532,0.3378368616104126,0.004607767332345247,0.16376952826976776
44,0.9384654704481363,0.019287109375,0.003710937564392225,0.471014647744596,-0.019210495840525255,180.3891086578369,5.1370232701301575,-0.6418836712837219,0.3541259765625,0.2457275390625,0.2049560546875,0.1951904296875,0.2578125,52,0.3431490659713745,0.1850961595773697,0.21394231915473938,0.2598039209842682,51,0.3296568691730499,0.21446079015731812,0.19607843458652496,0.24571079015731812,51,0.3529411852359772,0.2089460790157318,0.1924019604921341,0.18872550129890442,51,0.3553921580314636,0.2444853037595749,0.21139706671237946,0.20526961982250214,51,0.3897058963775635,0.22058823704719543,0.18443627655506134,2.85707950592041,0.50055992603302,0.08882473409175873,0.3366525173187256,0.004177744500339031,0.16506348550319672
45,0.9161345064640045,0.0184326171875,0.003613281302023097,0.47363756224513054,-0.01789691939484328,177.19058799743652,5.14051741361618,-0.6408476233482361,0.34375,0.2587890625,0.2120361328125,0.1854248046875,0.27223557233810425,52,0.3431490659713745,0.1875,0.19711539149284363,0.2665441334247589,51,0.3296568691730499,0.2187500149011612,0.18504902720451355,0.24816177785396576,51,0.34742647409439087,0.21262255311012268,0.19178922474384308,0.19424019753932953,51,0.3192402124404907,0.2769607901573181,0.20955882966518402,0.23223039507865906,51,0.3792892396450043,0.2297794222831726,0.15870098769664764,2.8748905658721924,0.5013815760612488,0.08827550709247589,0.3361423909664154,0.0051474664360284805,0.17070312798023224
46,0.9188004620373249,0.017578125,0.003442382889261353,0.47448354307562113,-0.019391800567973405,170.3506555557251,5.144063234329224,-0.6401390433311462,0.341064453125,0.2581787109375,0.209716796875,0.1910400390625,0.2686298191547394,52,0.325120210647583,0.20372596383094788,0.20252405107021332,0.2769607901573181,51,0.31066176295280457,0.21017158031463623,0.20220589637756348,0.24816177785396576,51,0.3584558963775635,0.21017158031463623,0.18321079015731812,0.18075981736183167,51,0.3443627655506134,0.2561274468898773,0.2187500149011612,0.20588235557079315,51,0.36703431606292725,0.24080882966518402,0.18627451360225677,2.8867416381835938,0.5079929232597351,0.0924597755074501,0.3376021385192871,0.0033845757134258747,0.1724853515625
47,0.9211458303034306,0.0191650390625,0.003808593823123374,0.47336409986019135,-0.019525937939761207,185.94155979156494,5.14067605137825,-0.639350414276123,0.364013671875,0.25146484375,0.1995849609375,0.1849365234375,0.2475961595773697,52,0.359375,0.19951923191547394,0.19350962340831757,0.25245100259780884,51,0.36151963472366333,0.20526961982250214,0.18075981736183167,0.2506127655506134,51,0.3498774766921997,0.21752451360225677,0.1819853037595749,0.1930147111415863,51,0.3553921580314636,0.2708333432674408,0.18075981736183167,0.19485294818878174,51,0.39399510622024536,0.23590686917304993,0.17524510622024536,2.861701488494873,0.5077230334281921,0.091354139149189,0.33569541573524475,0.003401226829737425,0.1707763671875
48,0.9307377394288778,0.0185546875,0.003540039129802608,0.47090716380625963,-0.02059719047974795,152.51344108581543,5.1405028104782104,-0.6384559869766235,0.361083984375,0.239990234375,0.2120361328125,0.1868896484375,0.2367788553237915,52,0.340745210647583,0.21213942766189575,0.21033655107021332,0.24632354080677032,51,0.324754923582077,0.2297794222831726,0.19914215803146362,0.22181373834609985,51,0.38357844948768616,0.18995098769664764,0.20465686917304993,0.1819853037595749,51,0.3584558963775635,0.2542892098426819,0.20526961982250214,0.22303922474384308,51,0.39828431606292725,0.24080882966518402,0.13786765933036804,2.8931422233581543,0.5083191394805908,0.0902821347117424,0.33750206232070923,0.0024195844307541847,0.16960449516773224
49,0.9597810711711645,0.0177001953125,0.0034179688209405867,0.458739279769361,-0.018179043487180024,181.72663974761963,5.146556258201599,-0.6377103924751282,0.3702392578125,0.2471923828125,0.2039794921875,0.1785888671875,0.2475961595773697,52,0.3647836744785309,0.19951923191547394,0.18810096383094788,0.2671568691730499,51,0.3339460790157318,0.21200981736183167,0.18688726425170898,0.2616421580314636,51,0.34681373834609985,0.20955882966518402,0.1819853037595749,0.17340686917304993,51,0.38296571373939514,0.2389705926179886,0.20465686917304993,0.19424019753932953,51,0.4227941334247589,0.22058823704719543,0.1623774617910385,2.8775174617767334,0.503395676612854,0.08710456639528275,0.334624707698822,0.0028740635607391596,0.17280273139476776
50,0.94669109582901,0.0177001953125,0.0034179687972937245,0.47188454028218985,-0.01843869026924949,175.04360675811768,5.140375643968582,-0.6372422575950623,0.369140625,0.2484130859375,0.2021484375,0.1802978515625,0.2421875149011612,52,0.3617788553237915,0.19951923191547394,0.19651442766189575,0.26348039507865906,51,0.3547794222831726,0.20220589637756348,0.17953431606292725,0.2616421580314636,51,0.34191176295280457,0.21691177785396576,0.17953431606292725,0.18075981736183167,51,0.374387264251709,0.2549019753932953,0.18995098769664764,0.20220589637756348,51,0.4129902124404907,0.21997550129890442,0.16482843458652496,2.9121034145355225,0.5002496242523193,0.0888713002204895,0.3359098732471466,0.005391888320446014,0.17436523735523224
51,0.9349958281964064,0.019775390625,0.0037353516581788426,0.4669272340834141,-0.020500438869930804,176.5776538848877,5.129861533641815,-0.6363973021507263,0.3909912109375,0.234619140625,0.208251953125,0.1661376953125,0.2445913553237915,52,0.3665865659713745,0.19591346383094788,0.1929086595773697,0.25857844948768616,51,0.36213237047195435,0.21078431606292725,0.16850490868091583,0.22549019753932953,51,0.3915441334247589,0.20526961982250214,0.1776960790157318,0.15563726425170898,51,0.387254923582077,0.24938726425170898,0.2077205926179886,0.22181373834609985,51,0.4479166865348816,0.19485294818878174,0.1354166716337204,2.8913395404815674,0.5045045018196106,0.08841199427843094,0.3326387405395508,0.007490457966923714,0.181884765625
52,0.9411759730428457,0.0162353515625,0.003198242269718321,0.46343298722058535,-0.020770990347955376,160.92649745941162,5.129238784313202,-0.6352852582931519,0.3983154296875,0.226318359375,0.19140625,0.1839599609375,0.25,52,0.37139424681663513,0.18629808723926544,0.19230769574642181,0.24203431606292725,51,0.3848039209842682,0.17401961982250214,0.19914215803146362,0.22610294818878174,51,0.3921568691730499,0.2089460790157318,0.17279411852359772,0.19669118523597717,51,0.39828431606292725,0.2138480395078659,0.19117647409439087,0.19669118523597717,51,0.44546571373939514,0.19914215803146362,0.15870098769664764,2.8522510528564453,0.5025120973587036,0.08965155482292175,0.33324486017227173,0.0030153142288327217,0.17922364175319672
53,1.005806241184473,0.0208740234375,0.0041015625411091605,0.4402747070416808,-0.019877251179423183,176.3668098449707,5.1305138766765594,-0.6344206929206848,0.39892578125,0.2186279296875,0.1917724609375,0.190673828125,0.22295673191547394,52,0.3828125,0.19170673191547394,0.20252405107021332,0.2346813827753067,51,0.39276963472366333,0.17953431606292725,0.1930147111415863,0.21017158031463623,51,0.3897058963775635,0.19669118523597717,0.2034313827753067,0.1924019604921341,51,0.37806373834609985,0.22794118523597717,0.20159314572811127,0.18933823704719543,51,0.45159316062927246,0.19730393588542938,0.1617647111415863,2.869305372238159,0.5045707821846008,0.08903671056032181,0.33286213874816895,0.0032527949661016464,0.1812744140625
54,1.0004982557147741,0.0167236328125,0.003247070397264906,0.4367399513721466,-0.021453585010021925,164.76126670837402,5.135674029588699,-0.6333774924278259,0.3974609375,0.2259521484375,0.189453125,0.1871337890625,0.22776442766189575,52,0.3599759638309479,0.18629808723926544,0.22596155107021332,0.23284314572811127,51,0.3915441334247589,0.20159314572811127,0.17401961982250214,0.2291666716337204,51,0.38848039507865906,0.1930147111415863,0.18933823704719543,0.18321079015731812,51,0.4111519753932953,0.22794118523597717,0.1776960790157318,0.18872550129890442,51,0.436887264251709,0.21200981736183167,0.1623774617910385,2.9036455154418945,0.5025694966316223,0.08749720454216003,0.33228811621665955,0.0029161383863538504,0.17919921875
55,0.9780791159719229,0.01953125,0.003881836017171736,0.45846497640013695,-0.01718609331874177,198.95560359954834,5.132111579179764,-0.632685124874115,0.408935546875,0.2176513671875,0.188720703125,0.1846923828125,0.23858174681663513,52,0.38161060214042664,0.19951923191547394,0.18028846383094788,0.2395833432674408,51,0.38786765933036804,0.17953431606292725,0.1930147111415863,0.2034313827753067,51,0.39889708161354065,0.19056373834609985,0.20710785686969757,0.18014706671237946,51,0.41911765933036804,0.21262255311012268,0.1881127506494522,0.18566177785396576,51,0.4577206075191498,0.1936274617910385,0.16299019753932953,2.8564372062683105,0.4949905276298523,0.09101109206676483,0.3366433084011078,0.002793549094349146,0.18308106064796448
56,1.0052454229444265,0.0167236328125,0.0032470703627041075,0.4387245196849108,-0.01905187004012987,162.89441871643066,5.121081292629242,-0.6315154433250427,0.4127197265625,0.226806640625,0.1737060546875,0.186767578125,0.24579328298568726,52,0.364182710647583,0.18870192766189575,0.20132212340831757,0.2444853037595749,51,0.3952206075191498,0.1617647111415863,0.1985294222831726,0.23284314572811127,51,0.4111519753932953,0.1715686321258545,0.18443627655506134,0.19117647409439087,51,0.41973039507865906,0.2187500149011612,0.17034314572811127,0.17585784196853638,51,0.4742647111415863,0.19178922474384308,0.15808823704719543,2.912396192550659,0.4989713430404663,0.08681722730398178,0.331859827041626,0.0007062145159579813,0.1785888671875
57,1.0156692434102297,0.01904296875,0.0037353516436269274,0.44193086959421635,-0.01648433375521563,228.70875644683838,5.1169721484184265,-0.6303690075874329,0.4283447265625,0.22607421875,0.175537109375,0.1700439453125,0.24399039149284363,52,0.3960336744785309,0.17367789149284363,0.18629808723926544,0.2549019753932953,51,0.39460787177085876,0.1770833432674408,0.17340686917304993,0.22242647409439087,51,0.4123774766921997,0.1764705926179886,0.18872550129890442,0.15379902720451355,51,0.4473039507865906,0.22058823704719543,0.17830882966518402,0.1721813827753067,51,0.49203434586524963,0.1881127506494522,0.14767158031463623,2.8847110271453857,0.5021992921829224,0.08845019340515137,0.3321141004562378,0.005303853657096624,0.18300782144069672
58,1.0167649611830711,0.0162353515625,0.0031250000502041075,0.43783170357346535,-0.018073228871799074,164.09875392913818,5.104513227939606,-0.629573404788971,0.4415283203125,0.2305908203125,0.1630859375,0.164794921875,0.24158655107021332,52,0.3990384638309479,0.16706731915473938,0.19230769574642181,0.24754902720451355,51,0.4117647111415863,0.1672794222831726,0.17340686917304993,0.23223039507865906,51,0.4534313976764679,0.1513480395078659,0.16299019753932953,0.15502451360225677,51,0.46078431606292725,0.2248774617910385,0.15931373834609985,0.17034314572811127,51,0.4834558963775635,0.20649510622024536,0.13970588147640228,2.894496440887451,0.49659502506256104,0.08668620884418488,0.33241763710975647,0.004891898483037949,0.18227539956569672
59,0.9788564164191484,0.0208740234375,0.004052734473589226,0.464999339543283,-0.019014537683688104,202.83698081970215,5.101183712482452,-0.6290794610977173,0.4482421875,0.2264404296875,0.1695556640625,0.15576171875,0.2524038553237915,52,0.4212740659713745,0.15504808723926544,0.17127405107021332,0.2193627506494522,51,0.4417892396450043,0.17953431606292725,0.15931373834609985,0.24203431606292725,51,0.4375000298023224,0.17340686917304993,0.14705882966518402,0.1660539209842682,51,0.46139708161354065,0.21139706671237946,0.1611519604921341,0.17892158031463623,51,0.4797794222831726,0.20649510622024536,0.1348039209842682,2.9039173126220703,0.49820494651794434,0.08716108649969101,0.3317752480506897,0.0016572775784879923,0.18159179389476776
60,1.018296018242836,0.01806640625,0.003491210998618044,0.4393811784684658,-0.02142598998034373,162.5513801574707,5.081060528755188,-0.6283130049705505,0.447265625,0.2264404296875,0.16552734375,0.1607666015625,0.22836539149284363,52,0.42848560214042664,0.16346155107021332,0.1796875,0.25,51,0.4381127655506134,0.15196079015731812,0.15992647409439087,0.2291666716337204,51,0.42463237047195435,0.17892158031463623,0.1672794222831726,0.15870098769664764,51,0.4577206075191498,0.2193627506494522,0.16421569883823395,0.16911765933036804,51,0.48774510622024536,0.20526961982250214,0.13786765933036804,2.890896797180176,0.493541955947876,0.08832032978534698,0.3325553238391876,0.0030544293113052845,0.18437500298023224
61,1.0125411730259657,0.019287109375,0.003759765701033757,0.4482542173936963,-0.019063861400354654,176.4878740310669,5.085070759057999,-0.6273582577705383,0.4681396484375,0.2210693359375,0.16064453125,0.150146484375,0.24278846383094788,52,0.41766828298568726,0.17007212340831757,0.1694711595773697,0.2236519753932953,51,0.4479166865348816,0.15808823704719543,0.17034314572811127,0.23039215803146362,51,0.45036765933036804,0.17034314572811127,0.14889706671237946,0.14767158031463623,51,0.49142158031463623,0.2089460790157318,0.15196079015731812,0.15257354080677032,51,0.5343137383460999,0.19914215803146362,0.11397059261798859,2.873594284057617,0.49415743350982666,0.08867215365171432,0.3329232931137085,0.0006072757532820106,0.18662109971046448
62,1.031860014423728,0.0174560546875,0.0033203125803993316,0.43050637375563383,-0.018810225592460483,183.39116859436035,5.094782292842865,-0.6262410283088684,0.4674072265625,0.2188720703125,0.1612548828125,0.1524658203125,0.2211538553237915,52,0.45673078298568726,0.16286058723926544,0.15925481915473938,0.22732843458652496,51,0.44546571373939514,0.16360294818878174,0.16360294818878174,0.240196093916893,51,0.4436274766921997,0.16973039507865906,0.1464460790157318,0.15196079015731812,51,0.4859068691730499,0.20526961982250214,0.1568627506494522,0.15318627655506134,51,0.5055147409439087,0.20036765933036804,0.1409313827753067,2.895493745803833,0.5004509091377258,0.08730141818523407,0.33537325263023376,-0.0016040990594774485,0.18325196206569672
63,1.0294515416026115,0.0186767578125,0.0036132813365838956,0.44453617837280035,-0.01861065163393505,197.83035469055176,5.090049475431442,-0.6255103945732117,0.481689453125,0.2037353515625,0.162109375,0.1524658203125,0.22536058723926544,52,0.45913463830947876,0.16105769574642181,0.15444712340831757,0.1985294222831726,51,0.4687500298023224,0.16911765933036804,0.16360294818878174,0.22181373834609985,51,0.4540441334247589,0.16053922474384308,0.16360294818878174,0.1458333432674408,51,0.48223039507865906,0.19730393588542938,0.17463235557079315,0.1452205926179886,51,0.5447304248809814,0.17524510622024536,0.1348039209842682,2.89844012260437,0.4977191388607025,0.0854550153017044,0.32937660813331604,0.001357875531539321,0.18544922769069672
64,1.0202638916671276,0.017822265625,0.00339355475443881,0.442506100051105,-0.01944527105661109,186.31070232391357,5.095188736915588,-0.6244690418243408,0.4627685546875,0.22265625,0.162353515625,0.1522216796875,0.23016828298568726,52,0.4248798191547394,0.16105769574642181,0.18389423191547394,0.2389705926179886,51,0.44546571373939514,0.17034314572811127,0.1452205926179886,0.23713235557079315,51,0.4209558963775635,0.18014706671237946,0.1617647111415863,0.1458333432674408,51,0.4840686321258545,0.2248774617910385,0.1452205926179886,0.15502451360225677,51,0.5392156839370728,0.1819853037595749,0.12377451360225677,2.9117937088012695,0.5046590566635132,0.08956384658813477,0.3341711759567261,-0.0010812373366206884,0.1868896484375
65,1.0015353374183178,0.01904296875,0.0037109375862200977,0.44922235049307346,-0.016499574019690044,216.65031814575195,5.099637597799301,-0.6236798167228699,0.4769287109375,0.2071533203125,0.1600341796875,0.1558837890625,0.21514423191547394,52,0.44651442766189575,0.16766826808452606,0.17067308723926544,0.2138480395078659,51,0.4479166865348816,0.17340686917304993,0.16482843458652496,0.21017158031463623,51,0.4699755012989044,0.15808823704719543,0.1617647111415863,0.16053922474384308,51,0.48284316062927246,0.20404411852359772,0.15257354080677032,0.14828431606292725,51,0.5379902124404907,0.1924019604921341,0.12132353335618973,2.8816325664520264,0.5044806003570557,0.08674480020999908,0.33191603422164917,-0.0032699047587811947,0.18723145127296448
66,1.0121640376746655,0.0177001953125,0.003417968822759576,0.44176242779940367,-0.017848055576905608,176.16660022735596,5.099212497472763,-0.6232253313064575,0.4732666015625,0.1998291015625,0.17236328125,0.154541015625,0.2319711595773697,52,0.4242788553237915,0.1742788553237915,0.1694711595773697,0.1985294222831726,51,0.46139708161354065,0.18504902720451355,0.15502451360225677,0.19975490868091583,51,0.449754923582077,0.18995098769664764,0.16053922474384308,0.15563726425170898,51,0.4889706075191498,0.19914215803146362,0.15625,0.15625,51,0.5428921580314636,0.16911765933036804,0.13174019753932953,2.8756027221679688,0.49870675802230835,0.08460879325866699,0.33040398359298706,-0.0016571340383961797,0.1912841796875
67,1.02544479444623,0.01904296875,0.00373535163635097,0.4348787507042289,-0.018931959610199556,182.7092227935791,5.091695696115494,-0.6224774122238159,0.4822998046875,0.1988525390625,0.1654052734375,0.1534423828125,0.21033655107021332,52,0.4555288553237915,0.17067308723926544,0.16346155107021332,0.22242647409439087,51,0.4754902124404907,0.1568627506494522,0.1452205926179886,0.18933823704719543,51,0.47732844948768616,0.16360294818878174,0.16973039507865906,0.15931373834609985,51,0.4754902124404907,0.19546569883823395,0.16973039507865906,0.1660539209842682,51,0.5281863212585449,0.1764705926179886,0.12928922474384308,2.866138458251953,0.5055216550827026,0.08580444008111954,0.3313983678817749,-0.0051083690486848354,0.19472657144069672
68,1.0228567477315664,0.0194091796875,0.0038085938740550773,0.44862123765051365,-0.01980716930120252,202.92379093170166,5.096066027879715,-0.6214338541030884,0.4842529296875,0.1890869140625,0.1663818359375,0.1602783203125,0.19831731915473938,52,0.46274039149284363,0.1586538553237915,0.18028846383094788,0.21507354080677032,51,0.4283088445663452,0.1776960790157318,0.17892158031463623,0.19178922474384308,51,0.4785539507865906,0.17279411852359772,0.1568627506494522,0.16360294818878174,51,0.5036764740943909,0.1776960790157318,0.15502451360225677,0.16789215803146362,51,0.5484068989753723,0.1623774617910385,0.12132353335618973,2.8967201709747314,0.5022068023681641,0.08460147678852081,0.33166182041168213,-0.0034915516152977943,0.19033204019069672
69,1.016329662874341,0.017578125,0.0035156250960426405,0.43680994771420956,-0.017217755026649684,161.98945808410645,5.092649340629578,-0.6205512881278992,0.4874267578125,0.1839599609375,0.1702880859375,0.1583251953125,0.19591346383094788,52,0.4609375298023224,0.18088942766189575,0.16225962340831757,0.19607843458652496,51,0.4908088445663452,0.16482843458652496,0.14828431606292725,0.18995098769664764,51,0.45036765933036804,0.1875,0.1721813827753067,0.16850490868091583,51,0.4938725531101227,0.1825980395078659,0.15502451360225677,0.16299019753932953,51,0.5416666865348816,0.15502451360225677,0.1403186321258545,2.876737117767334,0.5006062984466553,0.08952857553958893,0.33590584993362427,0.0010035246377810836,0.19528809189796448
70,1.0333465468138456,0.0201416015625,0.003979492284997832,0.4332719212397933,-0.020125098526477814,179.04545879364014,5.092670321464539,-0.6199980974197388,0.5010986328125,0.177001953125,0.1640625,0.1578369140625,0.18329328298568726,52,0.48016828298568726,0.16766826808452606,0.16887019574642181,0.18137255311012268,51,0.4950980544090271,0.1623774617910385,0.1611519604921341,0.18566177785396576,51,0.4797794222831726,0.1617647111415863,0.17279411852359772,0.1568627506494522,51,0.4963235557079315,0.17585784196853638,0.17095588147640228,0.15747550129890442,51,0.5545343160629272,0.15870098769664764,0.12928922474384308,2.8944201469421387,0.49988868832588196,0.08736888319253922,0.3350521922111511,-0.0006099193124100566,0.19487304985523224
71,1.0366112627089024,0.019287109375,0.0036621094368456397,0.43209927435964346,-0.018754044955130666,149.01972675323486,5.080302000045776,-0.6194182634353638,0.5074462890625,0.1754150390625,0.1661376953125,0.1510009765625,0.18269231915473938,52,0.48557692766189575,0.17908655107021332,0.15264423191547394,0.19975490868091583,51,0.4779411852359772,0.1623774617910385,0.15992647409439087,0.18321079015731812,51,0.48284316062927246,0.17095588147640228,0.16299019753932953,0.1464460790157318,51,0.5165441632270813,0.17953431606292725,0.15747550129890442,0.16053922474384308,51,0.5747548937797546,0.13174019753932953,0.13296568393707275,2.8806405067443848,0.49589648842811584,0.08538074791431427,0.33185404539108276,0.0006450397777371109,0.19216309487819672
72,1.0356080327183008,0.0184326171875,0.0035888672919099918,0.43224320746958256,-0.01950228083296679,187.92808628082275,5.0630422830581665,-0.618431568145752,0.5272216796875,0.1729736328125,0.1558837890625,0.1439208984375,0.18870192766189575,52,0.49038463830947876,0.16286058723926544,0.15805289149284363,0.19178922474384308,51,0.4852941334247589,0.15870098769664764,0.16421569883823395,0.1764705926179886,51,0.5275735259056091,0.15257354080677032,0.14338235557079315,0.1360294222831726,51,0.5343137383460999,0.1776960790157318,0.15196079015731812,0.15318627655506134,51,0.5992647409439087,0.1299019604921341,0.11764706671237946,2.862704038619995,0.4959770143032074,0.08545771986246109,0.33514249324798584,0.0016452682903036475,0.19619141519069672
73,1.0085859466344118,0.0196533203125,0.00385742194885097,0.4457641327753663,-0.019866572692990303,159.0737180709839,5.058996707201004,-0.6177312731742859,0.536376953125,0.1689453125,0.15087890625,0.143798828125,0.19651442766189575,52,0.4921875298023224,0.16105769574642181,0.15024039149284363,0.1936274617910385,51,0.5098039507865906,0.14460784196853638,0.15196079015731812,0.17401961982250214,51,0.5067402124404907,0.15563726425170898,0.16360294818878174,0.13174019753932953,51,0.5710784792900085,0.1409313827753067,0.15625,0.13664215803146362,51,0.6029412150382996,0.13909314572811127,0.12132353335618973,2.891007423400879,0.5007237195968628,0.0849219262599945,0.3279117941856384,-9.702841634862125e-05,0.19733886420726776
74,1.0750506296753883,0.0185546875,0.003637695401266683,0.42037767451256514,-0.01933663699310273,189.34566974639893,5.055461972951889,-0.617506206035614,0.52978515625,0.1656494140625,0.151611328125,0.1529541015625,0.18269231915473938,52,0.496995210647583,0.1508413553237915,0.1694711595773697,0.19178922474384308,51,0.4846813976764679,0.15931373834609985,0.16421569883823395,0.16973039507865906,51,0.5073529481887817,0.1611519604921341,0.1617647111415863,0.14154411852359772,51,0.5741421580314636,0.14767158031463623,0.13664215803146362,0.15012255311012268,51,0.5863970518112183,0.1360294222831726,0.12745098769664764,2.8593149185180664,0.4966995120048523,0.08633818477392197,0.33094438910484314,-0.004025629255920649,0.19833984971046448
75,1.0631386078894138,0.0181884765625,0.0034667969594011083,0.4270989606156945,-0.01710321372956969,165.46153450012207,5.041879713535309,-0.6170690655708313,0.548828125,0.1630859375,0.151611328125,0.136474609375,0.18449519574642181,52,0.5198317766189575,0.15324519574642181,0.14242789149284363,0.1715686321258545,51,0.5226715803146362,0.1507353037595749,0.15502451360225677,0.17279411852359772,51,0.5287990570068359,0.15747550129890442,0.1409313827753067,0.12316177040338516,51,0.5753676891326904,0.15379902720451355,0.14767158031463623,0.14889706671237946,51,0.5980392098426819,0.13235294818878174,0.12071079015731812,2.8774454593658447,0.49339038133621216,0.08222847431898117,0.3309188485145569,-0.002958273980766535,0.19882813096046448
76,1.0559697709977627,0.01953125,0.003808593823123374,0.42534718941897154,-0.019287764123873785,203.10424709320068,5.036499321460724,-0.6163379549980164,0.5589599609375,0.1572265625,0.150390625,0.1334228515625,0.1796875,52,0.49879810214042664,0.16826923191547394,0.15324519574642181,0.18995098769664764,51,0.5208333730697632,0.14399510622024536,0.1452205926179886,0.1464460790157318,51,0.5637255311012268,0.14828431606292725,0.14154411852359772,0.12071079015731812,51,0.5857843160629272,0.1458333432674408,0.14767158031463623,0.14338235557079315,51,0.6268382668495178,0.12377451360225677,0.10600490868091583,2.878263473510742,0.49154186248779297,0.08407675474882126,0.3333081603050232,0.0015384958824142814,0.20012207329273224
77,1.0417471565306187,0.0186767578125,0.0034667969648580765,0.4422852024435997,-0.018494060495868325,180.79621601104736,5.016118675470352,-0.6154546141624451,0.5653076171875,0.1614990234375,0.1356201171875,0.1375732421875,0.171875,52,0.5372596383094788,0.13341346383094788,0.15745192766189575,0.17524510622024536,51,0.5263480544090271,0.13296568393707275,0.16544118523597717,0.17892158031463623,51,0.5392156839370728,0.1464460790157318,0.1354166716337204,0.12683823704719543,51,0.593137264251709,0.15379902720451355,0.12622550129890442,0.13909314572811127,51,0.6311274766921997,0.12745098769664764,0.10232843458652496,2.8527028560638428,0.4876737594604492,0.08547500520944595,0.3359082043170929,-0.003729019081220031,0.19987793266773224
78,1.093495823442936,0.021240234375,0.004052734471770236,0.4185358379036188,-0.018945386487757787,182.39237594604492,5.016412675380707,-0.6154159903526306,0.5789794921875,0.15966796875,0.134033203125,0.1273193359375,0.1742788553237915,52,0.559495210647583,0.13701923191547394,0.12920673191547394,0.18688726425170898,51,0.5441176891326904,0.1311274617910385,0.13786765933036804,0.15257354080677032,51,0.5753676891326904,0.13786765933036804,0.13419118523597717,0.12622550129890442,51,0.5906863212585449,0.15196079015731812,0.1311274617910385,0.13296568393707275,51,0.6256127953529358,0.13235294818878174,0.10906863212585449,2.867727756500244,0.4881470203399658,0.08287746459245682,0.3305325210094452,-0.0014569315826520324,0.20314942300319672
79,1.0775596499443054,0.01904296875,0.00363769541036163,0.425103971734643,-0.018377780448645353,194.7538242340088,5.011872291564941,-0.6150518655776978,0.569091796875,0.162841796875,0.1346435546875,0.1334228515625,0.18269231915473938,52,0.5318509936332703,0.12620192766189575,0.15925481915473938,0.1764705926179886,51,0.5404412150382996,0.14460784196853638,0.13848039507865906,0.16850490868091583,51,0.5428921580314636,0.1464460790157318,0.14215686917304993,0.11335784941911697,51,0.5962010025978088,0.16421569883823395,0.12622550129890442,0.1299019604921341,51,0.6348039507865906,0.12193627655506134,0.11335784941911697,2.883385181427002,0.49291524291038513,0.08314049243927002,0.3346758782863617,-0.0009402600699104369,0.20476074516773224
80,1.1271557472646236,0.0185546875,0.0036376953939907253,0.4072162378579378,-0.01902549824444577,187.4666986465454,5.013625681400299,-0.6141371130943298,0.5732421875,0.1644287109375,0.133056640625,0.1292724609375,0.17247596383094788,52,0.5390625,0.14242789149284363,0.1460336595773697,0.18933823704719543,51,0.5373774766921997,0.13848039507865906,0.1348039209842682,0.18688726425170898,51,0.5337010025978088,0.13725490868091583,0.14215686917304993,0.12867647409439087,51,0.5876225829124451,0.14705882966518402,0.13664215803146362,0.11029411852359772,51,0.6691176891326904,0.12622550129890442,0.09436275064945221,2.906843662261963,0.4857593774795532,0.08200202137231827,0.3315613865852356,-0.0007039955817162991,0.20566406846046448
81,1.077619282528758,0.017822265625,0.003491210998618044,0.42829558439552784,-0.017633505340199918,206.20211219787598,5.014854282140732,-0.613627552986145,0.5758056640625,0.177001953125,0.1217041015625,0.12548828125,0.18389423191547394,52,0.5426682829856873,0.13882212340831757,0.13461539149284363,0.2138480395078659,51,0.5238970518112183,0.11580882966518402,0.1464460790157318,0.1721813827753067,51,0.5643382668495178,0.1299019604921341,0.13357843458652496,0.10110294818878174,51,0.6084558963775635,0.16482843458652496,0.1256127506494522,0.09803921729326248,51,0.6403186321258545,0.15012255311012268,0.11151961237192154,2.8878931999206543,0.4932308793067932,0.08346595615148544,0.33036285638809204,-0.0023907246068120003,0.20769043266773224
82,1.1050702631473541,0.0179443359375,0.003466796948487172,0.4170279186218977,-0.018578238668851554,196.0820016860962,5.006256997585297,-0.6124867796897888,0.5826416015625,0.1710205078125,0.1260986328125,0.1202392578125,0.19170673191547394,52,0.5444711446762085,0.125,0.13882212340831757,0.19607843458652496,51,0.5484068989753723,0.1348039209842682,0.12071079015731812,0.17953431606292725,51,0.5551470518112183,0.13786765933036804,0.12745098769664764,0.11213235557079315,51,0.5962010025978088,0.16911765933036804,0.12254902720451355,0.11029411852359772,51,0.6697304248809814,0.11825980991125107,0.10171569138765335,2.897873878479004,0.49118542671203613,0.08194919675588608,0.32997554540634155,0.0023170048370957375,0.20710448920726776
83,1.0630669593811035,0.0185546875,0.003662109460492502,0.43867427948862314,-0.01793326041661203,202.98758792877197,4.98430061340332,-0.6111651659011841,0.5797119140625,0.170654296875,0.134033203125,0.1156005859375,0.18930289149284363,52,0.5402644276618958,0.1274038553237915,0.1430288553237915,0.1936274617910385,51,0.5502451062202454,0.1403186321258545,0.11580882966518402,0.17524510622024536,51,0.5520833730697632,0.14154411852359772,0.1311274617910385,0.09987745434045792,51,0.6145833730697632,0.15808823704719543,0.12745098769664764,0.13357843458652496,51,0.6421568989753723,0.13664215803146362,0.08762255311012268,2.8888580799102783,0.4905749559402466,0.08196446299552917,0.3301268219947815,0.0005746822571381927,0.21042481064796448
84,1.1092379242181778,0.020263671875,0.003930664130166406,0.4165162965655327,-0.01901318004820496,183.55928325653076,4.986555695533752,-0.6103903651237488,0.5897216796875,0.15625,0.1396484375,0.1143798828125,0.1899038553237915,52,0.5306490659713745,0.14783655107021332,0.13161058723926544,0.18137255311012268,51,0.560661792755127,0.13970588147640228,0.11825980991125107,0.15931373834609985,51,0.5943627953529358,0.14276961982250214,0.10355392843484879,0.11642157286405563,51,0.6115196347236633,0.13235294818878174,0.13970588147640228,0.12806372344493866,51,0.6525735259056091,0.11764706671237946,0.10171569138765335,2.8763744831085205,0.4914672076702118,0.08331063389778137,0.33109050989151,-0.0013548405840992928,0.21110840141773224
85,1.1120066326111555,0.018798828125,0.003564453176295501,0.4085857644677162,-0.018889825994847342,208.37229919433594,4.980850130319595,-0.6097638607025146,0.59423828125,0.156494140625,0.13134765625,0.117919921875,0.19110578298568726,52,0.5264423489570618,0.15685096383094788,0.12560096383094788,0.1825980395078659,51,0.5490196347236633,0.13174019753932953,0.13664215803146362,0.14276961982250214,51,0.5980392098426819,0.1348039209842682,0.12438725680112839,0.11335784941911697,51,0.6121323704719543,0.14889706671237946,0.1256127506494522,0.10723039507865906,51,0.686887264251709,0.11642157286405563,0.08946079015731812,2.8857123851776123,0.48774009943008423,0.0818748027086258,0.3317001760005951,0.001586743164807558,0.20773926377296448
86,1.075844606384635,0.0189208984375,0.003710937615323928,0.4317658366635442,-0.018780843762215227,173.55431270599365,4.978020191192627,-0.6089337468147278,0.6070556640625,0.163330078125,0.1214599609375,0.108154296875,0.20012019574642181,52,0.5414663553237915,0.13100962340831757,0.1274038553237915,0.18014706671237946,51,0.5974264740943909,0.11274509876966476,0.1096813753247261,0.15196079015731812,51,0.5888480544090271,0.1360294222831726,0.12316177040338516,0.11213235557079315,51,0.6323529481887817,0.1452205926179886,0.11029411852359772,0.11703431606292725,51,0.6764706373214722,0.13848039507865906,0.0680147111415863,2.8520381450653076,0.4879986047744751,0.08365863561630249,0.3305552899837494,0.0008838247740641236,0.21113280951976776
87,1.1152822114527225,0.0198974609375,0.0038574219470319804,0.4137581707909703,-0.019379421311896294,199.4176263809204,4.9793016612529755,-0.6082350015640259,0.6053466796875,0.1571044921875,0.1212158203125,0.1163330078125,0.19350962340831757,52,0.5354567766189575,0.13341346383094788,0.13762019574642181,0.15870098769664764,51,0.5784313678741455,0.12683823704719543,0.1360294222831726,0.15931373834609985,51,0.5943627953529358,0.1299019604921341,0.11642157286405563,0.10477941483259201,51,0.6194853186607361,0.1623774617910385,0.11335784941911697,0.10232843458652496,51,0.7003676891326904,0.11090686917304993,0.08639705926179886,2.8443105220794678,0.4956304430961609,0.08349830657243729,0.3314111828804016,-0.0037098275497555733,0.21928711235523224
88,1.0944733414798975,0.0201416015625,0.003833007873254246,0.4259560704231262,-0.018957244465127587,180.77038383483887,4.979023844003677,-0.6074499487876892,0.6031494140625,0.1632080078125,0.1258544921875,0.1077880859375,0.1850961595773697,52,0.5462740659713745,0.1430288553237915,0.12560096383094788,0.15441176295280457,51,0.6096813678741455,0.1256127506494522,0.11029411852359772,0.21200981736183167,51,0.5379902124404907,0.12377451360225677,0.12622550129890442,0.09620098024606705,51,0.6409313678741455,0.14460784196853638,0.11825980991125107,0.11825980991125107,51,0.6819853186607361,0.1194852963089943,0.08026961237192154,2.8593568801879883,0.48814886808395386,0.08304345607757568,0.33020147681236267,-0.0018647774122655392,0.21796874701976776
89,1.0959767624735832,0.019775390625,0.003930664110157522,0.42040066700428724,-0.019799096684437245,183.00813674926758,4.976419806480408,-0.6062977910041809,0.604736328125,0.1561279296875,0.1326904296875,0.1064453125,0.1772836595773697,52,0.5576923489570618,0.14483173191547394,0.12019231170415878,0.16850490868091583,51,0.5857843160629272,0.13357843458652496,0.11213235557079315,0.17401961982250214,51,0.5661764740943909,0.1409313827753067,0.11887255311012268,0.10110294818878174,51,0.6194853186607361,0.14276961982250214,0.13664215803146362,0.10723039507865906,51,0.6954656839370728,0.11764706671237946,0.07965686917304993,2.8687989711761475,0.489937961101532,0.0832764208316803,0.3323432207107544,-0.0004984807455912232,0.2196044921875
90,1.079762738198042,0.01953125,0.0037597656992147677,0.43052608985453844,-0.02030694531276822,169.83409595489502,4.972595900297165,-0.6047120094299316,0.6153564453125,0.161865234375,0.1153564453125,0.107421875,0.19711539149284363,52,0.5546875,0.12259615957736969,0.12560096383094788,0.18627451360225677,51,0.5790441632270813,0.12193627655506134,0.11274509876966476,0.16911765933036804,51,0.5845588445663452,0.12683823704719543,0.1194852963089943,0.10539215803146362,51,0.6256127953529358,0.1458333432674408,0.12316177040338516,0.08210784941911697,51,0.7340686321258545,0.11029411852359772,0.07352941483259201,2.850522994995117,0.4905134439468384,0.08258194476366043,0.32917678356170654,0.0008297048043459654,0.22055664658546448
91,1.1231418326497078,0.0194091796875,0.0037353516745497473,0.4165067784488201,-0.01960504095768556,195.124737739563,5.0083189606666565,-0.6030486226081848,0.616943359375,0.149658203125,0.1181640625,0.115234375,0.1796875,52,0.564302921295166,0.12680289149284363,0.12920673191547394,0.15808823704719543,51,0.6053921580314636,0.11703431606292725,0.1194852963089943,0.1660539209842682,51,0.5765931606292725,0.12438725680112839,0.13296568393707275,0.10539215803146362,51,0.6446078419685364,0.12683823704719543,0.12316177040338516,0.0992647111415863,51,0.6948529481887817,0.11703431606292725,0.0888480395078659,2.8740644454956055,0.49040716886520386,0.08401177078485489,0.3296838402748108,-0.0011245259083807468,0.220458984375
92,1.1343455985188484,0.0177001953125,0.0034423829019942787,0.40513414796441793,-0.021180167270358652,171.29613208770752,5.008734464645386,-0.6019207835197449,0.6090087890625,0.158447265625,0.10888671875,0.1236572265625,0.19170673191547394,52,0.559495210647583,0.11899039149284363,0.12980769574642181,0.17892158031463623,51,0.5661764740943909,0.1200980469584465,0.1348039209842682,0.17034314572811127,51,0.5747548937797546,0.11580882966518402,0.13909314572811127,0.12193627655506134,51,0.6446078419685364,0.13725490868091583,0.09620098024606705,0.09313725680112839,51,0.7009804248809814,0.11335784941911697,0.09252451360225677,2.896024227142334,0.4947182238101959,0.0825011134147644,0.3266569972038269,0.0010650285985320807,0.22294922173023224
93,1.1452823877334595,0.019287109375,0.0034423829001752893,0.40795320086181164,-0.01927314040949568,193.85944938659668,5.012918680906296,-0.6004063487052917,0.6031494140625,0.163330078125,0.113037109375,0.1204833984375,0.19651442766189575,52,0.543870210647583,0.11899039149284363,0.140625,0.18627451360225677,51,0.561274528503418,0.1299019604921341,0.12254902720451355,0.17830882966518402,51,0.5637255311012268,0.1200980469584465,0.13786765933036804,0.1200980469584465,51,0.6341912150382996,0.14276961982250214,0.10294117778539658,0.09313725680112839,51,0.7138480544090271,0.11213235557079315,0.08088235557079315,2.869472026824951,0.48881539702415466,0.08536092936992645,0.33228370547294617,-0.0014495861250907183,0.21901856362819672
94,1.0647138468921185,0.02001953125,0.003686523505166406,0.4354851143434644,-0.018911830731667578,204.02877140045166,5.011130720376968,-0.5997620224952698,0.6141357421875,0.151611328125,0.114990234375,0.1192626953125,0.19170673191547394,52,0.5685096383094788,0.11177884787321091,0.12800481915473938,0.15318627655506134,51,0.5900735259056091,0.1311274617910385,0.1256127506494522,0.16911765933036804,51,0.5729166865348816,0.12193627655506134,0.1360294222831726,0.11335784941911697,51,0.6409313678741455,0.13357843458652496,0.11213235557079315,0.09803921729326248,51,0.6991421580314636,0.1096813753247261,0.09313725680112839,2.8804147243499756,0.4854002594947815,0.08314161002635956,0.3332919180393219,0.001442046370357275,0.2283935546875
95,1.1073261350393295,0.0191650390625,0.003759765713766683,0.41683019511401653,-0.019235326297348365,202.25093269348145,4.991949439048767,-0.5994371771812439,0.6151123046875,0.14697265625,0.11279296875,0.1251220703125,0.18629808723926544,52,0.5378605723381042,0.12620192766189575,0.14963942766189575,0.16421569883823395,51,0.5802696347236633,0.12745098769664764,0.12806372344493866,0.15502451360225677,51,0.6066176891326904,0.10661765187978745,0.13174019753932953,0.11703431606292725,51,0.6348039507865906,0.13296568393707275,0.11519607901573181,0.0882352963089943,51,0.717524528503418,0.09558823704719543,0.09865196794271469,2.8467812538146973,0.4828733801841736,0.0819651260972023,0.3281799852848053,0.0037705523427575827,0.2279052734375
96,1.128549862653017,0.0179443359375,0.0034667969866859494,0.40282986406236887,-0.019491491373628378,187.99628162384033,4.9878009259700775,-0.5997421145439148,0.6236572265625,0.142578125,0.1162109375,0.1175537109375,0.15444712340831757,52,0.587740421295166,0.12680289149284363,0.13100962340831757,0.1770833432674408,51,0.5692402124404907,0.13296568393707275,0.12071079015731812,0.15379902720451355,51,0.5906863212585449,0.1200980469584465,0.1354166716337204,0.11397059261798859,51,0.6415441632270813,0.13786765933036804,0.10661765187978745,0.09436275064945221,51,0.7297794222831726,0.08946079015731812,0.08639705926179886,2.8542375564575195,0.48604458570480347,0.08140948414802551,0.3288980722427368,-0.00011769321281462908,0.22331543266773224
97,1.1338571906089783,0.02001953125,0.003833007935099886,0.40820904076099396,-0.017821487097535282,197.39418697357178,4.9788798391819,-0.5989200472831726,0.6138916015625,0.1307373046875,0.1240234375,0.13134765625,0.16105769574642181,52,0.5540865659713745,0.12860576808452606,0.15625,0.15808823704719543,51,0.5692402124404907,0.12683823704719543,0.1458333432674408,0.1403186321258545,51,0.5980392098426819,0.1299019604921341,0.13174019753932953,0.125,51,0.6305147409439087,0.11213235557079315,0.13235294818878174,0.10232843458652496,51,0.71875,0.08149509876966476,0.09742647409439087,2.863255262374878,0.4942961037158966,0.08423296362161636,0.32779666781425476,0.0015762437833473086,0.23076172173023224
98,1.1607884019613266,0.018798828125,0.0036132813092990546,0.3895089002326131,-0.017815667437389493,208.02038764953613,4.977906703948975,-0.597767174243927,0.6220703125,0.1324462890625,0.1119384765625,0.133544921875,0.15324519574642181,52,0.5817307829856873,0.1171875074505806,0.14783655107021332,0.14767158031463623,51,0.5698529481887817,0.12683823704719543,0.15563726425170898,0.15992647409439087,51,0.5863970518112183,0.10906863212585449,0.14460784196853638,0.125,51,0.6421568989753723,0.11519607901573181,0.11764706671237946,0.0888480395078659,51,0.7310049533843994,0.08578431606292725,0.09436275064945221,2.871884346008301,0.492582231760025,0.08206462860107422,0.3288124203681946,0.0025087445974349976,0.22885742783546448
99,1.151338119059801,0.0196533203125,0.003857421963402885,0.39700245670974255,-0.019168964441632852,186.01406002044678,4.981824994087219,-0.5973977446556091,0.6256103515625,0.126953125,0.114501953125,0.1329345703125,0.15204326808452606,52,0.5787259936332703,0.11478365957736969,0.15444712340831757,0.13664215803146362,51,0.5827206373214722,0.125,0.15563726425170898,0.1409313827753067,51,0.587009847164154,0.13174019753932953,0.1403186321258545,0.1256127506494522,51,0.6501225829124451,0.11397059261798859,0.11029411852359772,0.09068627655506134,51,0.7303921580314636,0.09068627655506134,0.0882352963089943,2.8915343284606934,0.48862385749816895,0.08055005967617035,0.32879793643951416,0.0007524415268562734,0.2264404296875
