gait,gait_id,grid_mode,frequency_residual,frequency,duration_residual,duration,footswing_height_residual,footswing_height,stance_width_residual,stance_width,body_pitch_residual,body_pitch,task_id,condition,cmd_vx,target_gait,samples,reward_mean,weighted_metric_reward_mean,measured_vx_mean,vx_abs_error_mean,vy_abs_mean,yaw_abs_mean,lateral_offset_abs_mean,lateral_vel_abs_mean,lateral_vel_sq_mean,base_z_vel_abs_mean,base_z_vel_sq_mean,roll_rate_abs_mean,roll_rate_sq_mean,pitch_rate_abs_mean,pitch_rate_sq_mean,yaw_rate_abs_mean,yaw_rate_sq_mean,gravity_x_sq_mean,gravity_y_sq_mean,torque_penalty_mean,slip_penalty_mean,mechanical_power_abs_mean,positive_mechanical_power_mean,contact_force_mean_mean,stance_contact_force_mean_mean,peak_contact_force_mean,swing_foot_clearance_mean_mean,scuffing_ratio_mean,foot_impact_vel_sum_mean,foot_impact_vel_sq_sum_mean,foot_impact_count_mean,forward_distance_mean,target_forward_distance_mean,actual_frequency_mean,actual_duration_mean,actual_footswing_height_mean,actual_stance_width_mean,actual_body_pitch_mean,score_progress,score_yaw_tracking,score_orientation,score_pitch_rate,score_roll_rate,score_yaw_rate,score_lateral_drift,score_vertical_bounce,score_slip,score_energy,score_clearance,score_gait_stability,score_action_smoothness,score_action_magnitude,score_action_boundary_margin,score_survival,done_rate,edge_reset_rate,fall_rate,foot_impact_rate,foot_impact_vel_mean,foot_impact_vel_rms,lateral_vel_rms,base_z_vel_rms,roll_rate_rms,pitch_rate_rms,yaw_rate_rms,orientation_rms,forward_distance_ratio,progress_deficit,transport_cost_proxy,progress_score,yaw_score,orientation_score,lateral_score,slip_score,energy_score,impact_score,scuffing_score,smoothness_score,survival_score,neutral_score,pareto_objectives
pronking,0,action_space,-1.0,2.5999999046325684,0.0,0.5,-1.0,0.04999999701976776,1.0,0.3700000047683716,0.0,0.0,rough_slope_trot_robustness,rough_slope,2.0,trotting,1000,0.6145819425582886,0.6145819425582886,1.341271996498108,0.7399272322654724,0.1612732708454132,0.4567146301269531,1.3792965412139893,0.1612732708454132,0.05409079045057297,0.47638773918151855,0.3525996506214142,0.9707705974578857,2.376112461090088,1.113464117050171,2.327342987060547,0.4567146301269531,0.5477006435394287,0.05408918857574463,0.013584788888692856,0.5421136617660522,0.15454860031604767,326.25494384765625,233.65455627441406,32.1754035949707,44.85661315917969,507.1466369628906,0.07514719665050507,0.0832500010728836,0.6358394026756287,2.301614284515381,0.9690000414848328,0.0268254354596138,0.04000015929341316,2.615835666656494,0.5,0.05118810385465622,0.368415504693985,0.0,0.4521140456199646,0.46116214990615845,0.5986552238464355,0.287902295589447,0.3549273610115051,0.6107779741287231,0.3765014410018921,0.25342607498168945,0.6881292462348938,0.4637889266014099,0.13985154032707214,0.9766541719436646,0.9594760537147522,0.12189419567584991,0.21015632152557373,0.9998000264167786,0.027000000700354576,0.004000000189989805,0.023000001907348633,0.969,0.6561809653960269,1.541183525780137,0.2325742686768529,0.5938010193839467,1.5414643885247845,1.525563170458879,0.7400679992672489,0.2601422254545338,0.134127177298069,0.06587361916899681,243.2429400594859,0.11192018538713455,0.12419747561216354,0.2583397924900055,0.0853399783372879,0.04545775055885315,0.33816298842430115,0.5522183775901794,0.659515380859375,0.9594760537147522,0.9769999980926514,0.38589538692643766,"progress_score,survival_score,orientation_score,slip_score,lateral_score,impact_score"
pronking,0,action_space,-1.0,2.5999999046325684,0.0,0.5,1.0,0.10999999940395355,1.0,0.3700000047683716,1.0,0.03999999910593033,rough_slope_trot_robustness,rough_slope,2.0,trotting,1000,0.6218607425689697,0.6218607425689697,1.3817260265350342,0.6816399097442627,0.15152302384376526,0.40535321831703186,1.3677537441253662,0.15152302384376526,0.04566049203276634,0.4695993661880493,0.33666014671325684,0.8653823137283325,1.5979063510894775,1.0608904361724854,2.103095293045044,0.40535321831703186,0.4342558979988098,0.034763336181640625,0.00980339851230383,0.517066240310669,0.13776932656764984,316.4722900390625,222.56060791015625,33.31217575073242,43.507049560546875,340.0438537597656,0.06980380415916443,0.08033332973718643,0.7780544757843018,3.063035249710083,0.999000072479248,0.02763451635837555,0.04000015929341316,2.6161937713623047,0.5,0.10878525674343109,0.3683796525001526,0.03838004916906357,0.4779016375541687,0.49513983726501465,0.6676597595214844,0.29891514778137207,0.38151049613952637,0.6530364751815796,0.3521813452243805,0.2448817789554596,0.7073649168014526,0.47452831268310547,0.85981285572052,0.9766541719436646,0.9549804925918579,0.06755293160676956,0.1639132797718048,1.0,0.026000000536441803,0.004999999888241291,0.021000001579523087,0.999,0.778833276636011,1.7510286284088867,0.21368315804659557,0.5802242210673877,1.2640832057619773,1.4502052589357977,0.6589809542003546,0.21110834823366045,0.13817258179187775,0.061828214675188065,229.04127443606362,0.15590135753154755,0.19337725639343262,0.4101080000400543,0.1021856889128685,0.06358443200588226,0.3555346727371216,0.46462467312812805,0.6692038178443909,0.9549804925918579,0.9789999984204769,0.42518812633658715,"progress_score,survival_score,orientation_score,slip_score,lateral_score,impact_score"
pronking,0,action_space,0.0,3.0,0.0,0.5,-1.0,0.04999999701976776,0.0,0.33000001311302185,-1.0,-0.03999999910593033,rough_slope_trot_robustness,rough_slope,2.0,trotting,1000,0.637980580329895,0.637980580329895,1.3475279808044434,0.7018997073173523,0.17251980304718018,0.42016828060150146,1.1442533731460571,0.17251980304718018,0.058668121695518494,0.43379727005958557,0.31003761291503906,0.8551942706108093,1.6286163330078125,1.124943494796753,2.387453317642212,0.42016828060150146,0.43277478218078613,0.044528208673000336,0.01003269199281931,0.509118914604187,0.11698257178068161,313.3223571777344,223.3077392578125,32.447471618652344,44.02159118652344,423.443115234375,0.06565552949905396,0.08116666972637177,0.7342519760131836,2.579922676086426,1.0890001058578491,0.02695056051015854,0.04000015929341316,3.000000238418579,0.5,0.05127798393368721,0.33000147342681885,-0.03829599544405937,0.45543450117111206,0.479591429233551,0.6017636060714722,0.28048497438430786,0.3871611952781677,0.6303678154945374,0.38926076889038086,0.2843031883239746,0.7075610160827637,0.48089566826820374,0.14097484946250916,0.9749249219894409,0.9607301950454712,0.238661527633667,0.32011574506759644,0.9994000196456909,0.029000001028180122,0.004000000189989805,0.02500000223517418,1.089,0.6742442177456383,1.5391798834953916,0.24221503193550661,0.5568102126533232,1.2761725326176756,1.5451386079061684,0.6578562017498856,0.2335827490758246,0.1347528025507927,0.06524799391627312,232.5164016191249,0.13936585187911987,0.1711159497499466,0.3358072340488434,0.09850817173719406,0.09636122733354568,0.3612309396266937,0.5530710816383362,0.6664212346076965,0.9607301950454712,0.9749999977648258,0.4152990375694475,"progress_score,survival_score,orientation_score,slip_score,lateral_score,impact_score"
pronking,0,action_space,0.0,3.0,0.0,0.5,0.0,0.07999999821186066,-1.0,0.2900000214576721,1.0,0.03999999910593033,rough_slope_trot_robustness,rough_slope,2.0,trotting,1000,0.621064305305481,0.621064305305481,1.1376014947891235,0.9248559474945068,0.19443771243095398,0.5421640276908875,1.1374562978744507,0.19443771243095398,0.08136024326086044,0.4337303042411804,0.324049174785614,1.3214547634124756,4.530762195587158,1.238304853439331,2.9021308422088623,0.5421640276908875,0.783228874206543,0.04845217242836952,0.03451010584831238,0.7210140228271484,0.12257634103298187,517.3692626953125,398.5443115234375,26.591562271118164,37.336570739746094,553.96044921875,0.10769622027873993,0.06583333760499954,0.6940279006958008,2.7330820560455322,0.9020000696182251,0.022752027958631516,0.04000015929341316,3.000000238418579,0.5,0.08000031858682632,0.29165375232696533,0.03834610432386398,0.38522619009017944,0.4184879660606384,0.5741261839866638,0.255531907081604,0.30766773223876953,0.5640361309051514,0.36432409286499023,0.30261319875717163,0.7427338361740112,0.3963536322116852,0.5,0.9757896065711975,0.9620150327682495,0.23755928874015808,0.31746065616607666,0.9987999796867371,0.02800000086426735,0.006000000052154064,0.02199999988079071,0.902,0.7694321862874168,1.740696534404873,0.2852371701950159,0.5692531728375468,2.128558713211162,1.703564158524375,0.8850021888145492,0.288031731371184,0.11376013979315758,0.08624065667390823,454.7895419135476,0.03266555443406105,0.05289648845791817,0.19028247892856598,0.06299744546413422,0.08616192638874054,0.2364477515220642,0.46883419156074524,0.7195230722427368,0.9620150327682495,0.9780000001192093,0.3514735125201313,"progress_score,survival_score,orientation_score,slip_score,lateral_score,impact_score"
pronking,0,action_space,0.0,3.0,0.0,0.5,0.0,0.07999999821186066,1.0,0.3700000047683716,-1.0,-0.03999999910593033,rough_slope_trot_robustness,rough_slope,2.0,trotting,1000,0.6440813541412354,0.6440813541412354,1.4151238203048706,0.6487529873847961,0.16417184472084045,0.384624183177948,1.292582631111145,0.16417184472084045,0.04974901303648949,0.4185357391834259,0.2838698625564575,0.8145323991775513,1.435387134552002,1.081326961517334,2.1424155235290527,0.384624183177948,0.3362947702407837,0.03579740598797798,0.006859282031655312,0.5053668022155762,0.11952853202819824,303.12896728515625,215.023681640625,33.61140441894531,43.78297424316406,417.33599853515625,0.0624268613755703,0.07316666841506958,0.8078972101211548,2.996234655380249,1.121999979019165,0.028302472084760666,0.04000015929341316,3.000000238418579,0.5,0.08000031858682632,0.36827293038368225,-0.03827318549156189,0.4925425350666046,0.49463486671447754,0.6221818327903748,0.29139629006385803,0.3925773501396179,0.6504988670349121,0.37548768520355225,0.2918422222137451,0.7048068046569824,0.4768300950527191,0.5,0.9749249219894409,0.9606301784515381,0.23906664550304413,0.32346951961517334,0.9998000264167786,0.029000001028180122,0.004999999888241291,0.024000000208616257,1.122,0.7200509409640987,1.6341482856306493,0.22304486776541058,0.5327943905076868,1.1980764310143164,1.4636992599332188,0.579909277595025,0.20653495592667429,0.14151236042380333,0.05848843604326248,214.20667431055674,0.18571877479553223,0.2277839630842209,0.42607763409614563,0.1015135645866394,0.09157741069793701,0.3639518916606903,0.5129329562187195,0.6936184167861938,0.9606301784515381,0.9759999997913837,0.44140328760994113,"progress_score,survival_score,orientation_score,slip_score,lateral_score,impact_score"
pronking,0,action_space,0.0,3.0,0.0,0.5,0.0,0.07999999821186066,1.0,0.3700000047683716,0.0,0.0,rough_slope_trot_robustness,rough_slope,2.0,trotting,1000,0.6743288636207581,0.6743288636207581,1.3740330934524536,0.6810916662216187,0.16800333559513092,0.4233751893043518,1.4278292655944824,0.16800333559513092,0.05657946318387985,0.428554892539978,0.29965072870254517,0.920508086681366,2.1110379695892334,1.0831711292266846,2.21625018119812,0.4233751893043518,0.43844014406204224,0.03656940907239914,0.01755641959607601,0.5372211933135986,0.13485725224018097,326.92242431640625,237.79397583007812,33.330726623535156,44.57624816894531,637.6708984375,0.06748521327972412,0.07241666316986084,0.79193115234375,2.934896230697632,1.1030000448226929,0.02748066559433937,0.04000015929341316,3.000000238418579,0.5,0.08000031858682632,0.36827272176742554,0.0,0.48171985149383545,0.4725016951560974,0.6491864919662476,0.29348182678222656,0.38034629821777344,0.6240588426589966,0.3406065106391907,0.28015413880348206,0.7033683061599731,0.4681953191757202,0.5,0.9749249219894409,0.9657280445098877,0.4810430407524109,0.5391442775726318,0.9996000528335571,0.02800000086426735,0.004999999888241291,0.023000001907348633,1.103,0.7179792858964189,1.6312052166523567,0.23786437981311925,0.5474036250359923,1.4529411445716696,1.4887075539534689,0.6621481284894206,0.23264958342639505,0.13740332797169685,0.06259746849536896,237.92907599842968,0.1563679575920105,0.16654902696609497,0.3387419879436493,0.0773497074842453,0.06739766150712967,0.3414881229400635,0.5141667723655701,0.6962243318557739,0.9657280445098877,0.9769999980926514,0.41183369940048775,"progress_score,survival_score,orientation_score,slip_score,lateral_score,impact_score"
pronking,0,action_space,0.0,3.0,0.0,0.5,1.0,0.10999999940395355,-1.0,0.2900000214576721,-1.0,-0.03999999910593033,rough_slope_trot_robustness,rough_slope,2.0,trotting,1000,0.59043288230896,0.59043288230896,1.1741176843643188,0.8785803318023682,0.23120984435081482,0.5768089294433594,1.5398306846618652,0.23120984435081482,0.13305632770061493,0.4603050947189331,0.36562228202819824,1.3381766080856323,4.966367721557617,1.3387656211853027,3.385469913482666,0.5768089294433594,0.9228365421295166,0.06950902938842773,0.043934404850006104,0.6317943334579468,0.11004431545734406,443.79632568359375,339.3367004394531,29.482315063476562,42.442264556884766,487.5089111328125,0.09998030215501785,0.06091666966676712,0.6880425214767456,2.649615526199341,0.9910000562667847,0.023482345044612885,0.04000015929341316,3.000000238418579,0.5,0.1087828129529953,0.29162317514419556,-0.03837677836418152,0.36583149433135986,0.3990945518016815,0.5381333827972412,0.24483096599578857,0.3183189332485199,0.5461529493331909,0.3010149598121643,0.2792084217071533,0.714403510093689,0.4227936863899231,0.8597820997238159,0.9757895469665527,0.9580599069595337,0.12281125038862228,0.2119062840938568,0.9989999532699585,0.02800000086426735,0.004000000189989805,0.024000000208616257,0.991,0.6942911003720988,1.6351387053665247,0.36476886887536736,0.6046670836321407,2.228534882284237,1.8399646500633282,0.9606438164738877,0.33681364912727907,0.11741172522306442,0.08258907124400139,377.9828305063562,0.04561067000031471,0.035897575318813324,0.10342912375926971,0.014981228858232498,0.11070500314235687,0.28263792395591736,0.5125178694725037,0.7374305725097656,0.9580599069595337,0.9759999997913837,0.33791997528782014,"progress_score,survival_score,orientation_score,slip_score,lateral_score,impact_score"
pronking,0,action_space,0.0,3.0,0.0,0.5,1.0,0.10999999940395355,0.0,0.33000001311302185,-1.0,-0.03999999910593033,rough_slope_trot_robustness,rough_slope,2.0,trotting,1000,0.6222662925720215,0.6222662925720215,1.3274104595184326,0.752418041229248,0.1840929090976715,0.4875098466873169,1.4051991701126099,0.1840929090976715,0.08142617344856262,0.4562426805496216,0.35210421681404114,1.1896733045578003,3.7009127140045166,1.1682366132736206,2.5860848426818848,0.4875098466873169,0.59939044713974,0.06160120293498039,0.03166411444544792,0.5876939296722412,0.10720159113407135,372.8671569824219,271.0415344238281,31.52001953125,42.354557037353516,378.37432861328125,0.08329497277736664,0.07591667771339417,0.7834240198135376,3.0088233947753906,1.0789999961853027,0.02654820680618286,0.04000015929341316,3.000000238418579,0.5,0.10874998569488525,0.33000147342681885,-0.03833296149969101,0.4560266137123108,0.44326022267341614,0.5705443024635315,0.2753641605377197,0.3161781132221222,0.593315064907074,0.33512383699417114,0.2800143361091614,0.7034530639648438,0.4418274164199829,0.8593717217445374,0.9757895469665527,0.9619895219802856,0.23778048157691956,0.3192361891269684,0.9988000392913818,0.029000001028180122,0.004000000189989805,0.02500000037252903,1.079,0.7260648287259616,1.6698890436652918,0.2853527176120154,0.5933837011698595,1.9237756402461583,1.6081308537186534,0.7742031045789858,0.3053937088095109,0.1327410340309143,0.0672597624361515,280.89816100868546,0.1038786768913269,0.09286035597324371,0.15484875440597534,0.048136111348867416,0.1171814426779747,0.30869922041893005,0.49801138043403625,0.6841463446617126,0.9619895219802856,0.974999999627471,0.36499352253189216,"progress_score,survival_score,orientation_score,slip_score,lateral_score,impact_score"
pronking,0,action_space,1.0,3.4000000953674316,0.0,0.5,-1.0,0.04999999701976776,1.0,0.3700000047683716,0.0,0.0,rough_slope_trot_robustness,rough_slope,2.0,trotting,1000,0.6074090003967285,0.6074090003967285,1.2550638914108276,0.8087990283966064,0.17363771796226501,0.5052914023399353,1.3230180740356445,0.17363771796226501,0.06301723420619965,0.38735175132751465,0.2628679871559143,1.0597283840179443,3.1316256523132324,1.2396965026855469,2.6769907474517822,0.5052914023399353,0.6614916920661926,0.0545092448592186,0.02400234527885914,0.58893883228302,0.16256046295166016,380.911865234375,286.4651184082031,31.34481430053711,44.393211364746094,521.7710571289062,0.07865916192531586,0.07275000959634781,0.7872329950332642,2.847862958908081,1.15500009059906,0.025101300328969955,0.04000015929341316,3.3844094276428223,0.5,0.05116996914148331,0.36843979358673096,0.0,0.40000659227371216,0.4460325241088867,0.5970431566238403,0.23457202315330505,0.34319913387298584,0.5911047458648682,0.3617905378341675,0.32375282049179077,0.6967004537582397,0.4393794536590576,0.13962487876415253,0.9775188565254211,0.9604721069335938,0.12130182981491089,0.2092340588569641,0.9994000196456909,0.026000000536441803,0.006000000052154064,0.020000001415610313,1.155,0.6815869352002164,1.5702490477100808,0.25103233697314703,0.5127065312202628,1.7696399781631382,1.6361511994469773,0.8133213953082709,0.2801991972473828,0.12550650164484978,0.07449429482221603,303.4999794362571,0.07304910570383072,0.0778326690196991,0.20799696445465088,0.0755196213722229,0.03872734680771828,0.3079315721988678,0.539873480796814,0.695064902305603,0.9604721069335938,0.9799999985843897,0.3648110024238888,"progress_score,survival_score,orientation_score,slip_score,lateral_score,impact_score"
pronking,0,action_space,1.0,3.4000000953674316,0.0,0.5,0.0,0.07999999821186066,-1.0,0.2900000214576721,1.0,0.03999999910593033,rough_slope_trot_robustness,rough_slope,2.0,trotting,1000,0.6173174977302551,0.6173174977302551,1.3630330562591553,0.7092636823654175,0.17343442142009735,0.4182125926017761,1.4794994592666626,0.17343442142009735,0.07149278372526169,0.3962211012840271,0.2880247235298157,1.0223840475082397,2.4512367248535156,1.2635376453399658,2.914456844329834,0.4182125926017761,0.4745069444179535,0.04716380685567856,0.018680203706026077,0.5405224561691284,0.13266269862651825,367.27777099609375,273.2455749511719,29.501758575439453,39.54498291015625,361.9710693359375,0.07811936736106873,0.07708334922790527,0.7153915166854858,2.585329532623291,1.1410000324249268,0.027260672301054,0.04000015929341316,3.3839282989501953,0.5,0.08000031858682632,0.2916078567504883,0.03839197754859924,0.44637376070022583,0.4866727590560913,0.6310763359069824,0.23953735828399658,0.3407568335533142,0.6425695419311523,0.33083564043045044,0.321784108877182,0.7154690027236938,0.45774489641189575,0.5,0.9766541719436646,0.9590275883674622,0.1223248541355133,0.21204131841659546,0.9995999932289124,0.027000000700354576,0.003000000026077032,0.024000000208616257,1.141,0.6269863974515227,1.5052724590256323,0.26738134513324163,0.5366793488944919,1.5656425916707541,1.7071780353348722,0.6888446446173139,0.2566008779441423,0.13630336150527,0.0636974349617958,269.4562463540596,0.13369156420230865,0.17394472658634186,0.2679699957370758,0.05451086908578873,0.07042168825864792,0.3392408490180969,0.5675302147865295,0.6801671385765076,0.9590275883674622,0.9759999997913837,0.3937362236411948,"progress_score,survival_score,orientation_score,slip_score,lateral_score,impact_score"
pronking,0,action_space,1.0,3.4000000953674316,0.0,0.5,1.0,0.10999999940395355,-1.0,0.2900000214576721,-1.0,-0.03999999910593033,rough_slope_trot_robustness,rough_slope,2.0,trotting,1000,0.6073672771453857,0.6073672771453857,1.4176344871520996,0.6534644365310669,0.15415775775909424,0.4063173532485962,1.5667195320129395,0.15415775775909424,0.04456445574760437,0.3827230930328369,0.2553183436393738,0.9841836094856262,2.218435049057007,1.1833165884017944,2.5029137134552,0.4063173532485962,0.4096014201641083,0.04474757984280586,0.00781108345836401,0.5226806402206421,0.14935164153575897,331.4215087890625,237.719482421875,33.606178283691406,45.31898880004883,257.38714599609375,0.06537128239870071,0.07450000196695328,0.9672802686691284,3.6182003021240234,1.218000054359436,0.028352675959467888,0.04000015929341316,3.3832085132598877,0.5,0.10874025523662567,0.2916797995567322,-0.03832003474235535,0.47910597920417786,0.4910998046398163,0.6102429628372192,0.2589695453643799,0.3443577289581299,0.6457989811897278,0.3067730665206909,0.3332591950893402,0.6991866827011108,0.46058380603790283,0.8592503070831299,0.9757895469665527,0.9533129930496216,0.06854517757892609,0.1684744656085968,1.0,0.027000000700354576,0.00800000037997961,0.01900000125169754,1.218,0.7941545758928571,1.723545042427787,0.21110295058952722,0.5052903557751461,1.489441186840557,1.5820599588685633,0.6400011095022479,0.2292567628253742,0.14176337979733944,0.05823741666972637,233.78488023020557,0.18121644854545593,0.19186986982822418,0.3495274484157562,0.08560524135828018,0.05043686553835869,0.35156479477882385,0.47585034370422363,0.6890096664428711,0.9533129930496216,0.9809999987483025,0.41701671157620457,"progress_score,survival_score,orientation_score,slip_score,lateral_score,impact_score"
pronking,0,action_space,1.0,3.4000000953674316,0.0,0.5,1.0,0.10999999940395355,0.0,0.33000001311302185,1.0,0.03999999910593033,rough_slope_trot_robustness,rough_slope,2.0,trotting,1000,0.63190758228302,0.63190758228302,1.3781325817108154,0.67078697681427,0.15725623071193695,0.41606852412223816,1.3851244449615479,0.15725623071193695,0.052380457520484924,0.3713591992855072,0.24549975991249084,0.9969555735588074,2.409053087234497,1.1548560857772827,2.4911632537841797,0.41606852412223816,0.41588911414146423,0.029892118647694588,0.020462241023778915,0.5682839155197144,0.10799974948167801,357.6440124511719,265.249755859375,32.54290771484375,42.15280532836914,338.1423034667969,0.07041775435209274,0.06558333337306976,0.97971510887146,3.731815814971924,1.190000057220459,0.02756265550851822,0.04000015929341316,3.3832364082336426,0.5,0.10874234884977341,0.33000147342681885,0.03832283243536949,0.4933954179286957,0.4920288622379303,0.6723133325576782,0.2514617443084717,0.36249956488609314,0.6451079845428467,0.3487685024738312,0.3382502794265747,0.7232742309570312,0.4476460814476013,0.8592764139175415,0.9757895469665527,0.9574350118637085,0.12362299859523773,0.21809807419776917,0.9994000196456909,0.02800000086426735,0.00800000037997961,0.020000001415610313,1.19,0.8232899898240547,1.7708696599915454,0.22886777300547345,0.49547932339552864,1.5521124595964357,1.5783419318335872,0.644894653522158,0.22439777109292663,0.1378132775425911,0.062187518924474716,259.51350196451506,0.16532853245735168,0.17708416283130646,0.3652814030647278,0.08779650926589966,0.1153256893157959,0.32091858983039856,0.45657840371131897,0.7204230427742004,0.9574350118637085,0.9799999985843897,0.42360073141753674,"progress_score,survival_score,orientation_score,slip_score,lateral_score,impact_score"
trotting,1,action_space,-1.0,2.5999999046325684,0.0,0.5,-1.0,0.04999999701976776,0.0,0.33000001311302185,-1.0,-0.03999999910593033,rough_slope_trot_robustness,rough_slope,2.0,trotting,1000,0.5950955152511597,0.5950955152511597,1.3486266136169434,0.6827163696289062,0.24566683173179626,0.6245927810668945,1.4865813255310059,0.24566683173179626,0.11733986437320709,0.2647315263748169,0.15823855996131897,1.0067603588104248,2.2144227027893066,0.9171015620231628,1.5490416288375854,0.6245927810668945,0.793320894241333,0.03712892532348633,0.015797022730112076,0.5000929832458496,0.15000438690185547,295.1297607421875,208.94725036621094,33.731895446777344,65.7688980102539,621.125732421875,0.09573183953762054,0.06875000894069672,0.6348683834075928,2.0652594566345215,0.9900000691413879,0.02697252482175827,0.04000015929341316,2.615507125854492,0.5,0.051163505762815475,0.33000147342681885,-0.038448646664619446,0.42620012164115906,0.3513863682746887,0.6008661389350891,0.3221770226955414,0.31637412309646606,0.49363017082214355,0.26708918809890747,0.50346440076828,0.6621188521385193,0.4117661714553833,0.13954390585422516,1.0,0.9694440364837646,0.12116387486457825,0.20832496881484985,1.0,0.026000000536441803,0.007000000216066837,0.01900000125169754,0.99,0.6412811587555239,1.444340846949017,0.34254906856274925,0.3977921064592898,1.4880936471839756,1.2446050091645886,0.8906856315453466,0.23005640189657492,0.13486262410879135,0.06513817235827446,218.83726582457504,0.1549881547689438,0.020218415185809135,0.34696927666664124,0.021636392921209335,0.04978270083665848,0.36781102418899536,0.5936115980148315,0.7091061472892761,0.9694440364837646,0.9809999987483025,0.4112276585870667,"progress_score,survival_score,orientation_score,slip_score,lateral_score,impact_score"
trotting,1,action_space,-1.0,2.5999999046325684,0.0,0.5,-1.0,0.04999999701976776,1.0,0.3700000047683716,-1.0,-0.03999999910593033,rough_slope_trot_robustness,rough_slope,2.0,trotting,1000,0.580851674079895,0.580851674079895,1.2442150115966797,0.7749454975128174,0.2006864845752716,0.6028062701225281,1.2123985290527344,0.2006864845752716,0.07900923490524292,0.2520409822463989,0.1430632770061493,1.0783298015594482,2.8081512451171875,0.9429038763046265,1.6948375701904297,0.6028062701225281,0.7084262371063232,0.03043283522129059,0.02263064496219158,0.583314836025238,0.20843294262886047,361.5003662109375,267.31732177734375,32.285987854003906,62.80370330810547,326.6630554199219,0.10483479499816895,0.06808333843946457,0.6371066570281982,2.068477153778076,0.9380000829696655,0.024884305894374847,0.04000015929341316,2.6149659156799316,0.5,0.05112294480204582,0.36850231885910034,-0.03850271552801132,0.40110841393470764,0.3485991358757019,0.589785635471344,0.3205018639564514,0.3127099573612213,0.48879435658454895,0.3149227499961853,0.521669328212738,0.6159836053848267,0.3847576975822449,0.1390373557806015,1.0,0.9642785787582397,0.06555019319057465,0.15462924540042877,0.9998000264167786,0.02500000223517418,0.00800000037997961,0.017000000923871994,0.938,0.6792182190331824,1.4849913853214585,0.28108581413020994,0.3782370645589209,1.6757539333437912,1.3018592743420578,0.8416806027860706,0.23035511755435817,0.12442152947187424,0.07557926699519157,290.544932219577,0.09052202850580215,0.026416828855872154,0.3460162281990051,0.06126275286078453,0.015472999773919582,0.3114147484302521,0.5762003660202026,0.7114737629890442,0.9642785787582397,0.982999999076128,0.39480886537287585,"progress_score,survival_score,orientation_score,slip_score,lateral_score,impact_score"
trotting,1,action_space,-1.0,2.5999999046325684,0.0,0.5,0.0,0.07999999821186066,-1.0,0.2900000214576721,-1.0,-0.03999999910593033,rough_slope_trot_robustness,rough_slope,2.0,trotting,1000,0.5944526195526123,0.5944526195526123,1.3158917427062988,0.7245856523513794,0.2257985770702362,0.6025530099868774,1.130033016204834,0.2257985770702362,0.09626992046833038,0.2712145447731018,0.16671878099441528,1.11403226852417,2.8258261680603027,0.9213120341300964,1.5847959518432617,0.6025530099868774,0.799150288105011,0.039122261106967926,0.023421280086040497,0.5355978012084961,0.1766125112771988,320.9303283691406,233.34368896484375,33.15827941894531,66.07182312011719,504.4459533691406,0.09979069232940674,0.07883334159851074,0.6144087314605713,2.036101818084717,0.9690001010894775,0.02631782367825508,0.04000015929341316,2.6170992851257324,0.5,0.08000031858682632,0.29171037673950195,-0.03828946501016617,0.4338740110397339,0.3582393527030945,0.6046204566955566,0.3198903203010559,0.3124812841415405,0.5032526254653931,0.31260159611701965,0.4870746433734894,0.6117101311683655,0.40017953515052795,0.5,1.0,0.9660075902938843,0.12443465739488602,0.21919891238212585,0.9991999864578247,0.029000001028180122,0.009000000543892384,0.020000001415610313,0.969,0.6340646970136739,1.4495655399225966,0.3102739442304661,0.40831211223084635,1.681019383606359,1.2588867907176013,0.8939520614132567,0.25008706722461366,0.1315891183912754,0.0684116780757904,243.88809349096346,0.1224445030093193,0.026497595012187958,0.286255419254303,0.04710239917039871,0.029239049181342125,0.34259864687919617,0.591372013092041,0.6742416620254517,0.9660075902938843,0.9799999985843897,0.39110397454351187,"progress_score,survival_score,orientation_score,slip_score,lateral_score,impact_score"
trotting,1,action_space,-1.0,2.5999999046325684,0.0,0.5,0.0,0.07999999821186066,-1.0,0.2900000214576721,0.0,0.0,rough_slope_trot_robustness,rough_slope,2.0,trotting,1000,0.6238001585006714,0.6238001585006714,1.3789796829223633,0.6362622380256653,0.19934099912643433,0.5304996371269226,1.3584507703781128,0.19934099912643433,0.07063661515712738,0.24198585748672485,0.13557304441928864,0.9711393713951111,2.0862255096435547,0.8561608791351318,1.4013952016830444,0.5304996371269226,0.6258058547973633,0.019185850396752357,0.012775948271155357,0.4981144368648529,0.15466955304145813,296.22265625,212.5118408203125,34.06090545654297,66.37996673583984,439.4960632324219,0.09458503127098083,0.07366667687892914,0.6870964765548706,2.2282989025115967,0.9970000982284546,0.027579594403505325,0.04000015929341316,2.6161882877349854,0.5,0.08000031858682632,0.2916191816329956,0.0,0.47186732292175293,0.4086756706237793,0.6793828010559082,0.34614431858062744,0.32314252853393555,0.5568358898162842,0.2846749424934387,0.5381144881248474,0.6156077980995178,0.409906804561615,0.5,1.0,0.976401686668396,0.23670901358127594,0.3167751729488373,0.9998000264167786,0.027000000700354576,0.010000000707805157,0.017000000923871994,0.997,0.6891639273288616,1.494992922941086,0.2657754976613295,0.36820245031679055,1.4443772047645846,1.1838053901224832,0.7910789181853877,0.1787786303446464,0.13789797201752663,0.062102824449539185,214.81292285774552,0.19803361594676971,0.05994674935936928,0.5276954174041748,0.0625879168510437,0.045347921550273895,0.36926937103271484,0.5719229578971863,0.6918864846229553,0.976401686668396,0.982999999076128,0.45991886407136917,"progress_score,survival_score,orientation_score,slip_score,lateral_score,impact_score"
trotting,1,action_space,-1.0,2.5999999046325684,0.0,0.5,1.0,0.10999999940395355,-1.0,0.2900000214576721,0.0,0.0,rough_slope_trot_robustness,rough_slope,2.0,trotting,1000,0.6173149943351746,0.6173149943351746,1.5196011066436768,0.5378612279891968,0.18094569444656372,0.4376455247402191,1.5768758058547974,0.18094569444656372,0.058316685259342194,0.2599439024925232,0.1531025469303131,0.9287070035934448,1.676206111907959,0.7779140472412109,1.1308560371398926,0.4376455247402191,0.39586275815963745,0.025061313062906265,0.007033177651464939,0.47022539377212524,0.1526903510093689,292.0823059082031,203.83294677734375,33.623863220214844,66.04656219482422,357.0305480957031,0.09931979328393936,0.06816667318344116,0.7258564829826355,2.5196456909179688,1.00600004196167,0.030392032116651535,0.04000015929341316,2.6178646087646484,0.5,0.10865997523069382,0.29178696870803833,0.0,0.5398789048194885,0.42512091994285583,0.6814988851547241,0.3621988892555237,0.3232014775276184,0.5857439041137695,0.27452224493026733,0.5079564452171326,0.6295062303543091,0.425616592168808,0.8582467436790466,1.0,0.9646705389022827,0.12584269046783447,0.22563672065734863,0.9998000264167786,0.030000001192092896,0.009999999776482582,0.019999999552965164,1.006,0.7215272816227635,1.5825984332756244,0.24148847852297672,0.3912832055306145,1.2946837883853952,1.0634171510465178,0.6291762536520569,0.17914935309503968,0.15196016058325768,0.048040635883808136,192.20985338272195,0.31437185406684875,0.1472923308610916,0.526296854019165,0.06436343491077423,0.0471789725124836,0.3904517889022827,0.5346438884735107,0.711177408695221,0.9646705389022827,0.9800000004470348,0.48438240577907943,"progress_score,survival_score,orientation_score,slip_score,lateral_score,impact_score"
trotting,1,action_space,-1.0,2.5999999046325684,0.0,0.5,1.0,0.10999999940395355,0.0,0.33000001311302185,1.0,0.03999999910593033,rough_slope_trot_robustness,rough_slope,2.0,trotting,1000,0.6471853256225586,0.6471853256225586,1.5220434665679932,0.4927152693271637,0.15552735328674316,0.39716413617134094,1.352320909500122,0.15552735328674316,0.04666171222925186,0.24582694470882416,0.14894048869609833,0.7835314273834229,1.1425409317016602,0.6975358724594116,0.872794508934021,0.39716413617134094,0.30220112204551697,0.009926528669893742,0.005917040165513754,0.45870521664619446,0.15503190457820892,287.91510009765625,205.02593994140625,33.963478088378906,66.76583862304688,472.4682312011719,0.09606364369392395,0.07225000858306885,0.7080833315849304,2.4553604125976562,1.0099999904632568,0.030440865084528923,0.04000015929341316,2.6179909706115723,0.5,0.10865052044391632,0.33000147342681885,0.03820038586854935,0.5783950686454773,0.4578458070755005,0.7780992984771729,0.3985738456249237,0.36698150634765625,0.6150559782981873,0.35614848136901855,0.5345406532287598,0.6513931751251221,0.43370717763900757,0.8581286072731018,1.0,0.9645942449569702,0.12600313127040863,0.2274399995803833,1.0,0.030000001192092896,0.006000000052154064,0.024000000208616257,1.01,0.7010725871171102,1.5591823534496492,0.21601322234819761,0.3859280874672098,1.068897063192551,0.9342347183304744,0.5497282256220041,0.12587123911127393,0.15220432542264462,0.047796471044421196,189.16352024220882,0.3786763846874237,0.2065126597881317,0.7284244298934937,0.10171758383512497,0.045020464807748795,0.3995523750782013,0.5445680618286133,0.6968047618865967,0.9645942449569702,0.9759999997913837,0.5427543025855954,"progress_score,survival_score,orientation_score,slip_score,lateral_score,impact_score"
trotting,1,action_space,-1.0,2.5999999046325684,0.0,0.5,1.0,0.10999999940395355,1.0,0.3700000047683716,-1.0,-0.03999999910593033,rough_slope_trot_robustness,rough_slope,2.0,trotting,1000,0.5996015667915344,0.5996015667915344,1.424231767654419,0.6297651529312134,0.19274239242076874,0.5101028680801392,1.441882848739624,0.19274239242076874,0.06961847841739655,0.26477766036987305,0.16988709568977356,1.0461591482162476,2.66835618019104,0.8584064245223999,1.4188566207885742,0.5101028680801392,0.6171990036964417,0.03644915670156479,0.014650772325694561,0.508481502532959,0.17622941732406616,325.0299072265625,235.10955810546875,32.78063201904297,64.42131042480469,410.6344909667969,0.11045777052640915,0.0572500079870224,0.5793882608413696,1.939447283744812,0.9660000205039978,0.028484627604484558,0.04000015929341316,2.617863178253174,0.5,0.10866005718708038,0.3682129383087158,-0.0382130965590477,0.49542754888534546,0.4055551290512085,0.6268703937530518,0.35210102796554565,0.3170740604400635,0.5591071844100952,0.2981208562850952,0.5169864892959595,0.635297954082489,0.41019314527511597,0.8582478761672974,1.0,0.9572297930717468,0.07042321562767029,0.1759081780910492,0.9995999932289124,0.030000001192092896,0.004000000189989805,0.026000000536441803,0.966,0.5997808547247023,1.416936575270109,0.2638531379714794,0.4121736232339153,1.633510385700391,1.1911576809090283,0.7856201395690169,0.22605293412663183,0.1424231380224228,0.05757765844464302,228.21419561639001,0.2046576738357544,0.07412151992321014,0.35987499356269836,0.05876244232058525,0.029463933780789375,0.36169174313545227,0.6053628325462341,0.7510747909545898,0.9572297930717468,0.9739999994635582,0.4257041586955127,"progress_score,survival_score,orientation_score,slip_score,lateral_score,impact_score"
trotting,1,action_space,-1.0,2.5999999046325684,0.0,0.5,1.0,0.10999999940395355,1.0,0.3700000047683716,0.0,0.0,rough_slope_trot_robustness,rough_slope,2.0,trotting,1000,0.6188516020774841,0.6188516020774841,1.4275243282318115,0.6020848751068115,0.19341683387756348,0.4932226240634918,1.1554982662200928,0.19341683387756348,0.07286866009235382,0.25547176599502563,0.16754049062728882,0.9504150152206421,1.8411165475845337,0.8517821431159973,1.4268012046813965,0.4932226240634918,0.5142858028411865,0.02506699413061142,0.009816894307732582,0.4956090450286865,0.14502589404582977,299.0628662109375,213.8449249267578,33.15351486206055,65.6831283569336,400.5401306152344,0.10446132719516754,0.06941667199134827,0.6707484126091003,2.3107986450195312,0.9819999933242798,0.028550487011671066,0.04000015929341316,2.617915153503418,0.5,0.1086561530828476,0.3682076334953308,0.0,0.525485098361969,0.39765664935112,0.6707359552383423,0.3586811125278473,0.33438414335250854,0.5503072738647461,0.34035825729370117,0.5278719663619995,0.6197539567947388,0.41225913166999817,0.858198881149292,1.0,0.9646220207214355,0.12591339647769928,0.22649699449539185,0.9998000264167786,0.029000001028180122,0.004000000189989805,0.02500000223517418,0.982,0.6830431905152113,1.533999879222679,0.2699419568950959,0.40931710277887096,1.3568774991076142,1.1944878419981497,0.7171372273429867,0.1867722903386474,0.14275243505835533,0.05724836140871048,209.49756182535162,0.23456445336341858,0.08780071884393692,0.4977398216724396,0.07332369685173035,0.05499472841620445,0.37112435698509216,0.55527663230896,0.7067463994026184,0.9646220207214355,0.9749999977648258,0.46185759817691224,"progress_score,survival_score,orientation_score,slip_score,lateral_score,impact_score"
trotting,1,action_space,0.0,3.0,0.0,0.5,-1.0,0.04999999701976776,0.0,0.33000001311302185,-1.0,-0.03999999910593033,rough_slope_trot_robustness,rough_slope,2.0,trotting,1000,0.6307945251464844,0.6307945251464844,1.413884162902832,0.6099635362625122,0.17852342128753662,0.48430266976356506,1.5108267068862915,0.17852342128753662,0.058532241731882095,0.23435010015964508,0.14386823773384094,0.884276270866394,1.694566249847412,0.7532621622085571,1.1309884786605835,0.48430266976356506,0.4895937442779541,0.02249465137720108,0.010035233572125435,0.5068361759185791,0.1660793423652649,288.7897644042969,207.71566772460938,33.986167907714844,66.07864379882812,394.3100891113281,0.08695048838853836,0.07666666805744171,0.7276662588119507,2.292673349380493,1.1050000190734863,0.028277676552534103,0.04000015929341316,3.000000238418579,0.5,0.051259808242321014,0.33000147342681885,-0.038320235908031464,0.5183349251747131,0.4185284972190857,0.6747704744338989,0.3893486559391022,0.36487674713134766,0.5700687766075134,0.2792496085166931,0.553998589515686,0.6086117625236511,0.4093858301639557,0.1407478153705597,1.0,0.9755275249481201,0.2380049228668213,0.3210750222206116,1.0,0.02800000086426735,0.007000000216066837,0.021000001579523087,1.105,0.6585215020503393,1.4404226817573516,0.24193437484549832,0.3792996674581207,1.3017550652282526,1.0634794208919058,0.6997097571693238,0.18036043066406365,0.14138838276267052,0.058612413704395294,204.25277542637252,0.22577372193336487,0.09580018371343613,0.521733820438385,0.06846233457326889,0.0360955074429512,0.36288389563560486,0.5952913165092468,0.6815856695175171,0.9755275249481201,0.9789999984204769,0.46519795530720764,"progress_score,survival_score,orientation_score,slip_score,lateral_score,impact_score"
trotting,1,action_space,0.0,3.0,0.0,0.5,-1.0,0.04999999701976776,0.0,0.33000001311302185,1.0,0.03999999910593033,rough_slope_trot_robustness,rough_slope,2.0,trotting,1000,0.6380320191383362,0.6380320191383362,1.3971405029296875,0.6217807531356812,0.1935400366783142,0.4578057527542114,1.4126085042953491,0.1935400366783142,0.07209667563438416,0.2467048466205597,0.14127179980278015,0.8325444459915161,1.4827392101287842,0.8449403643608093,1.406004786491394,0.4578057527542114,0.42685797810554504,0.021379780024290085,0.009027409367263317,0.5064413547515869,0.17161668837070465,298.7164001464844,216.75784301757812,33.741371154785156,66.51551818847656,500.6243896484375,0.08703784644603729,0.08191666007041931,0.6777986288070679,2.1262319087982178,1.1050000190734863,0.027942806482315063,0.04000015929341316,3.000000238418579,0.5,0.05121498554944992,0.33000147342681885,0.038379982113838196,0.5039125680923462,0.421087384223938,0.7184470891952515,0.3556443452835083,0.36894434690475464,0.5758821964263916,0.29500848054885864,0.5282955169677734,0.6251562833786011,0.4150541424751282,0.1401875913143158,1.0,0.9764015674591064,0.23671910166740417,0.31684407591819763,1.0,0.027000000700354576,0.006000000052154064,0.021000001579523087,1.105,0.6133923836962669,1.3871524051478503,0.2685082412783342,0.3758614103666139,1.217677794052591,1.1857507269622034,0.6533436906449354,0.17437657351706795,0.13971403241157532,0.060286764055490494,213.8055546454354,0.21300379931926727,0.12296433001756668,0.5443603992462158,0.05758218839764595,0.03231144696474075,0.3631705641746521,0.6181352734565735,0.6639268398284912,0.9764015674591064,0.9789999984204769,0.46649898274948726,"progress_score,survival_score,orientation_score,slip_score,lateral_score,impact_score"
trotting,1,action_space,0.0,3.0,0.0,0.5,-1.0,0.04999999701976776,1.0,0.3700000047683716,-1.0,-0.03999999910593033,rough_slope_trot_robustness,rough_slope,2.0,trotting,1000,0.6228247880935669,0.6228247880935669,1.4728633165359497,0.5510064363479614,0.16350480914115906,0.452630877494812,1.6233277320861816,0.16350480914115906,0.050894759595394135,0.2488144338130951,0.15564218163490295,0.8040295839309692,1.2651331424713135,0.7567604184150696,1.109146237373352,0.452630877494812,0.41810184717178345,0.01907234452664852,0.006049252115190029,0.502573549747467,0.14473335444927216,291.6129455566406,209.73095703125,33.716819763183594,64.66548156738281,295.22857666015625,0.08612511307001114,0.07000000774860382,0.7351748943328857,2.2814133167266846,1.121000051498413,0.029457269236445427,0.04000015929341316,3.000000238418579,0.5,0.05125981569290161,0.36831995844841003,-0.03832022100687027,0.5331693887710571,0.42114749550819397,0.7016745805740356,0.38905543088912964,0.3809891939163208,0.5797170400619507,0.29230833053588867,0.5311864018440247,0.6148294806480408,0.4124711751937866,0.14074784517288208,1.0,0.9669545888900757,0.1236521527171135,0.21833482384681702,1.0,0.02800000086426735,0.006000000052154064,0.02199999988079071,1.121,0.6558206304708407,1.4265899422956008,0.22559866931210862,0.39451512218786106,1.1247813754109344,1.0531601195323301,0.6466079547699545,0.15849793891984384,0.14728634618222713,0.052714450284838676,197.99050073600154,0.29687848687171936,0.1288962960243225,0.605057418346405,0.0712740495800972,0.055317435413599014,0.3659907877445221,0.601222813129425,0.7046880722045898,0.9669545888900757,0.9780000001192093,0.5014362481275672,"progress_score,survival_score,orientation_score,slip_score,lateral_score,impact_score"
trotting,1,action_space,0.0,3.0,0.0,0.5,0.0,0.07999999821186066,0.0,0.33000001311302185,-1.0,-0.03999999910593033,rough_slope_trot_robustness,rough_slope,2.0,trotting,1000,0.6737979054450989,0.6737979054450989,1.4966602325439453,0.5483314394950867,0.18415012955665588,0.40853047370910645,1.2893483638763428,0.18415012955665588,0.06221362575888634,0.2507629096508026,0.15515080094337463,0.8143278360366821,1.275811791419983,0.7447222471237183,1.0669610500335693,0.40853047370910645,0.31903475522994995,0.02293509989976883,0.006643309723585844,0.48617976903915405,0.15058478713035583,288.405517578125,201.04541015625,33.726707458496094,65.48619079589844,527.952392578125,0.09286679327487946,0.06583334505558014,0.7709060907363892,2.5281758308410645,1.1449999809265137,0.029933206737041473,0.04000015929341316,3.000000238418579,0.5,0.08000031858682632,0.33000147342681885,-0.03826000541448593,0.5476795434951782,0.4375002384185791,0.6791156530380249,0.3938366770744324,0.3661458492279053,0.5986786484718323,0.31724783778190613,0.5281805396080017,0.6260885000228882,0.4198682904243469,0.5,1.0,0.9857861995697021,0.48128101229667664,0.540641188621521,1.0,0.029000001028180122,0.00800000037997961,0.021000001579523087,1.145,0.6732804077681496,1.4859386156661514,0.24942659392872754,0.3938918645305773,1.1295183891464462,1.0329380668915098,0.5648316167053239,0.17198374813730125,0.14966603368520737,0.050334762781858444,192.69939249198083,0.3003912568092346,0.18844076991081238,0.5534586906433105,0.07937110960483551,0.049208156764507294,0.3781896233558655,0.5757951140403748,0.7195230722427368,0.9857861995697021,0.9789999984204769,0.49072301270146124,"progress_score,survival_score,orientation_score,slip_score,lateral_score,impact_score"
trotting,1,action_space,0.0,3.0,0.0,0.5,0.0,0.07999999821186066,1.0,0.3700000047683716,1.0,0.03999999910593033,rough_slope_trot_robustness,rough_slope,2.0,trotting,1000,0.6440153121948242,0.6440153121948242,1.4716582298278809,0.5564844608306885,0.1733129620552063,0.45019102096557617,1.4887199401855469,0.1733129620552063,0.057290662080049515,0.27142855525016785,0.17222124338150024,0.8408856391906738,1.3401508331298828,0.7510614395141602,1.0125391483306885,0.45019102096557617,0.39119869470596313,0.015749746933579445,0.006525845266878605,0.4917149543762207,0.16588625311851501,297.1949462890625,209.8842315673828,33.78327941894531,66.34808349609375,314.1024169921875,0.09202513098716736,0.06600000709295273,0.8141170144081116,2.729651927947998,1.1349999904632568,0.029433157294988632,0.04000015929341316,3.000000238418579,0.5,0.08000031858682632,0.36826252937316895,0.038262806832790375,0.5253061056137085,0.4229019582271576,0.7408329844474792,0.378701776266098,0.3600389361381531,0.5789538621902466,0.31177210807800293,0.501580536365509,0.62241530418396,0.41801130771636963,0.5,1.0,0.9746558666229248,0.23925207555294037,0.32501646876335144,1.0,0.029000001028180122,0.007000000216066837,0.02200000174343586,1.135,0.7172836505368942,1.5507996673789013,0.23935467841688307,0.41499547392893366,1.1576488384349906,1.0062500426487884,0.6254587873760853,0.14925009949898876,0.14716578647494316,0.05283500999212265,201.94562858784218,0.2897607088088989,0.13176706433296204,0.6404963731765747,0.07175245881080627,0.03623516485095024,0.37402603030204773,0.5481288433074951,0.7189236879348755,0.9746558666229248,0.9779999982565641,0.5007914981167568,"progress_score,survival_score,orientation_score,slip_score,lateral_score,impact_score"
trotting,1,action_space,0.0,3.0,0.0,0.5,1.0,0.10999999940395355,-1.0,0.2900000214576721,0.0,0.0,rough_slope_trot_robustness,rough_slope,2.0,trotting,1000,0.639657735824585,0.639657735824585,1.4643232822418213,0.5836697816848755,0.18328088521957397,0.440219521522522,1.4169676303863525,0.18328088521957397,0.06222302466630936,0.24989035725593567,0.16099578142166138,0.8449833393096924,1.6124932765960693,0.812914252281189,1.2458388805389404,0.440219521522522,0.41947299242019653,0.023062553256750107,0.009927650913596153,0.5066301822662354,0.1350402534008026,316.67364501953125,230.07296752929688,32.85113525390625,65.98191833496094,278.73260498046875,0.10119087994098663,0.0638333335518837,0.7720589637756348,2.5788679122924805,1.1160000562667847,0.029286470264196396,0.04000015929341316,3.000000238418579,0.5,0.10866041481494904,0.291786253452301,0.0,0.5345490574836731,0.4401056170463562,0.6941915154457092,0.3661588132381439,0.36659231781959534,0.5958291888237,0.2961116135120392,0.537930965423584,0.6263612508773804,0.41142386198043823,0.8582524061203003,1.0,0.9738308191299438,0.24035006761550903,0.32768332958221436,0.9996000528335571,0.030000001192092896,0.004999999888241291,0.02500000037252903,1.116,0.6918090492166499,1.5201359575883637,0.24944543424626828,0.4012427960993959,1.2698398625795575,1.1161715282782214,0.6476673470387376,0.18163205711092484,0.14643235132098198,0.05356844514608383,216.2593799196557,0.2559734284877777,0.14400139451026917,0.5169525742530823,0.06984838843345642,0.06715141981840134,0.3630334138870239,0.5611857175827026,0.7267544269561768,0.9738308191299438,0.974999999627471,0.472342634377511,"progress_score,survival_score,orientation_score,slip_score,lateral_score,impact_score"
trotting,1,action_space,0.0,3.0,0.0,0.5,1.0,0.10999999940395355,0.0,0.33000001311302185,1.0,0.03999999910593033,rough_slope_trot_robustness,rough_slope,2.0,trotting,1000,0.641875147819519,0.641875147819519,1.502164363861084,0.5469776391983032,0.17711952328681946,0.4330410659313202,1.5550994873046875,0.17711952328681946,0.05690835788846016,0.28172796964645386,0.1843874752521515,0.8699647784233093,1.5342639684677124,0.8116708993911743,1.3479883670806885,0.4330410659313202,0.38038498163223267,0.024475108832120895,0.01045700628310442,0.5199317932128906,0.14277246594429016,326.71734619140625,234.6558380126953,32.26210403442383,64.72789764404297,333.01519775390625,0.10253933072090149,0.06866667419672012,0.7200111150741577,2.484741449356079,1.1150000095367432,0.030043266713619232,0.04000015929341316,3.000000238418579,0.5,0.10874024033546448,0.33000147342681885,0.03832000121474266,0.5661630630493164,0.4354933500289917,0.7138039469718933,0.3720102310180664,0.35729262232780457,0.5921472311019897,0.2614513039588928,0.484267920255661,0.6332095861434937,0.4074515402317047,0.8592503070831299,1.0,0.9755275249481201,0.23800842463970184,0.32109877467155457,0.9998000264167786,0.02800000086426735,0.004999999888241291,0.023000001907348633,1.115,0.6457498182630325,1.4928052296785423,0.23855472723981003,0.429403627432456,1.2386540955681342,1.1610290121614915,0.6167535825856487,0.18690135129320312,0.15021633356809616,0.04978446289896965,217.49773463646096,0.3021782636642456,0.15331728756427765,0.4972599744796753,0.06765955686569214,0.05752997472882271,0.35350289940834045,0.5728583335876465,0.7094016671180725,0.9755275249481201,0.9769999980926514,0.4791970551994287,"progress_score,survival_score,orientation_score,slip_score,lateral_score,impact_score"
trotting,1,action_space,0.0,3.0,0.0,0.5,1.0,0.10999999940395355,1.0,0.3700000047683716,0.0,0.0,rough_slope_trot_robustness,rough_slope,2.0,trotting,1000,0.6323118209838867,0.6323118209838867,1.4335285425186157,0.6042863130569458,0.1847999393939972,0.48107025027275085,1.4839892387390137,0.1847999393939972,0.06383231282234192,0.27090534567832947,0.16751495003700256,0.9017268419265747,1.8536208868026733,0.8033361434936523,1.242186427116394,0.48107025027275085,0.48127180337905884,0.02785252220928669,0.01492098718881607,0.524474024772644,0.13426658511161804,331.0694274902344,241.74105834960938,33.48853302001953,67.35148620605469,362.86297607421875,0.1025293841958046,0.060333337634801865,0.796440839767456,2.7264132499694824,1.1140000820159912,0.028670571744441986,0.04000015929341316,3.000000238418579,0.5,0.10874692350625992,0.36832863092422485,0.0,0.5114969611167908,0.4121045470237732,0.6854047775268555,0.3619796931743622,0.34863772988319397,0.5637417435646057,0.27852863073349,0.4922986626625061,0.6305633187294006,0.40414875745773315,0.8593336343765259,1.0,0.9755721092224121,0.2378484159708023,0.3197748064994812,0.9996000528335571,0.02800000086426735,0.00800000037997961,0.020000001415610313,1.114,0.7149378778262455,1.5644195457754353,0.25265057455375384,0.4092859025632358,1.3614774646694205,1.1145341749432334,0.693737560882398,0.20681757516735072,0.14335285872220993,0.05664793774485588,230.94721707359037,0.23208586871623993,0.098836749792099,0.4250832796096802,0.0632515698671341,0.068198561668396,0.35030606389045715,0.5423454642295837,0.7395845651626587,0.9755721092224121,0.9799999985843897,0.4480726355196614,"progress_score,survival_score,orientation_score,slip_score,lateral_score,impact_score"
trotting,1,action_space,1.0,3.4000000953674316,0.0,0.5,-1.0,0.04999999701976776,-1.0,0.2900000214576721,0.0,0.0,rough_slope_trot_robustness,rough_slope,2.0,trotting,1000,0.6198729276657104,0.6198729276657104,1.4932628870010376,0.567486047744751,0.19057482481002808,0.4892215132713318,1.410949468612671,0.19057482481002808,0.06693749129772186,0.2779719829559326,0.18490111827850342,0.8755576610565186,1.3751115798950195,0.7453590631484985,1.088051438331604,0.4892215132713318,0.51422518491745,0.023984394967556,0.008326185867190361,0.5081974267959595,0.1423543095588684,303.80731201171875,217.3248291015625,33.434993743896484,65.64492797851562,340.92242431640625,0.08923456817865372,0.072916679084301,0.8488168716430664,2.7303643226623535,1.2430000305175781,0.02986524999141693,0.04000015929341316,3.382007598876953,0.5,0.051350004971027374,0.291799932718277,0.0,0.5442476272583008,0.4241078495979309,0.6914318203926086,0.39284253120422363,0.33283817768096924,0.5717334747314453,0.2919461727142334,0.49914252758026123,0.6177777051925659,0.40716296434402466,0.1418747901916504,1.0,0.9645941853523254,0.1260070502758026,0.22746670246124268,0.9998000264167786,0.030000001192092896,0.004000000189989805,0.026000000536441803,1.243,0.6828775321487832,1.4820905246509937,0.25872280784214186,0.4300013003218751,1.1726515168177711,1.043097041665637,0.7170949622730939,0.17975144181548686,0.14932624995708466,0.050674546509981155,203.45199405703013,0.27577731013298035,0.09132079035043716,0.5240272283554077,0.06394708156585693,0.05801311507821083,0.3618972897529602,0.5774415135383606,0.6944859027862549,0.9645941853523254,0.9739999994635582,0.47741204431574596,"progress_score,survival_score,orientation_score,slip_score,lateral_score,impact_score"
trotting,1,action_space,1.0,3.4000000953674316,0.0,0.5,-1.0,0.04999999701976776,0.0,0.33000001311302185,0.0,0.0,rough_slope_trot_robustness,rough_slope,2.0,trotting,1000,0.6030852198600769,0.6030852198600769,1.3321648836135864,0.7194950580596924,0.24690228700637817,0.6112910509109497,1.3769123554229736,0.24690228700637817,0.1090092808008194,0.28150802850723267,0.18378767371177673,1.0552003383636475,2.7596235275268555,0.9559915065765381,1.7926980257034302,0.6112910509109497,0.8502709865570068,0.036859236657619476,0.02208114229142666,0.5671418905258179,0.20406128466129303,337.2170104980469,245.05235290527344,32.72920227050781,64.99942016601562,445.47607421875,0.09483709931373596,0.0715833455324173,0.7872189283370972,2.427222728729248,1.1950000524520874,0.02664329670369625,0.04000015929341316,3.3839526176452637,0.5,0.05120416730642319,0.33000147342681885,0.0,0.4156535863876343,0.3622819483280182,0.6189007759094238,0.3386419415473938,0.31630057096481323,0.5066096186637878,0.23884204030036926,0.4860401153564453,0.6013232469558716,0.3802063465118408,0.14005234837532043,1.0,0.9766274094581604,0.23640130460262299,0.31604301929473877,0.9995999932289124,0.027000000700354576,0.007000000216066837,0.020000001415610313,1.195,0.6587605624019351,1.4251837307231625,0.33016553545277766,0.4287046462446806,1.6612114638199604,1.3389167359113225,0.9221013971125989,0.24277639701800943,0.13321648351848125,0.06678431294858456,253.13458915335102,0.1260984241962433,0.023831011727452278,0.30764535069465637,0.028521476313471794,0.016886752098798752,0.3216524124145508,0.6018258333206177,0.6991313099861145,0.9766274094581604,0.9799999985843897,0.3932976363913009,"progress_score,survival_score,orientation_score,slip_score,lateral_score,impact_score"
trotting,1,action_space,1.0,3.4000000953674316,0.0,0.5,0.0,0.07999999821186066,-1.0,0.2900000214576721,-1.0,-0.03999999910593033,rough_slope_trot_robustness,rough_slope,2.0,trotting,1000,0.6058213114738464,0.6058213114738464,1.4409433603286743,0.6327618360519409,0.19118577241897583,0.4876365661621094,1.376624345779419,0.19118577241897583,0.06224925071001053,0.26919376850128174,0.1653711497783661,0.9775226712226868,1.910581350326538,0.8245656490325928,1.2961559295654297,0.4876365661621094,0.4971066117286682,0.035859476774930954,0.012694194912910461,0.5310885310173035,0.14792269468307495,326.32635498046875,237.85633850097656,32.93098831176758,65.98335266113281,363.3196716308594,0.09768194705247879,0.06525000929832458,0.8876728415489197,3.0213944911956787,1.2239999771118164,0.02881886065006256,0.04000015929341316,3.383591890335083,0.5,0.08000031858682632,0.29164156317710876,-0.038358405232429504,0.49700725078582764,0.4061133861541748,0.6245302557945251,0.3699248433113098,0.3360503017902374,0.5607026815414429,0.28738299012184143,0.4899854362010956,0.6216496229171753,0.3979893624782562,0.5,1.0,0.9679293632507324,0.12278060615062714,0.21653197705745697,0.9998000264167786,0.027000000700354576,0.004999999888241291,0.02199999988079071,1.224,0.7252228680778953,1.571133216616139,0.24949799740681392,0.4066585174054099,1.3822378052732236,1.138488440681516,0.7050578782828174,0.22034897705195142,0.1440943032503128,0.055906493216753006,226.46716308546286,0.20158377289772034,0.09274567663669586,0.37867632508277893,0.07268578559160233,0.05189909785985947,0.3457023799419403,0.5394986867904663,0.7216247320175171,0.9679293632507324,0.9780000001192093,0.4298239932640603,"progress_score,survival_score,orientation_score,slip_score,lateral_score,impact_score"
trotting,1,action_space,1.0,3.4000000953674316,0.0,0.5,0.0,0.07999999821186066,-1.0,0.2900000214576721,0.0,0.0,rough_slope_trot_robustness,rough_slope,2.0,trotting,1000,0.6339302062988281,0.6339302062988281,1.4502109289169312,0.619472861289978,0.18350830674171448,0.48979395627975464,1.2613445520401,0.18350830674171448,0.06091218441724777,0.2750486135482788,0.17141132056713104,0.9391535520553589,1.9196540117263794,0.792607307434082,1.1899442672729492,0.48979395627975464,0.5587261915206909,0.024458255618810654,0.014321725815534592,0.5276494026184082,0.16488105058670044,327.322509765625,239.8945770263672,32.96006774902344,64.90653228759766,402.1073303222656,0.09287779033184052,0.07075001299381256,0.8297157287597656,2.668755054473877,1.2340000867843628,0.02900421991944313,0.04000015929341316,3.382608413696289,0.5,0.08000031858682632,0.291739821434021,0.0,0.5031514167785645,0.4185445308685303,0.6829450130462646,0.3834337592124939,0.3375270366668701,0.5687111020088196,0.3267529010772705,0.4863151013851166,0.6222724318504333,0.4013611674308777,0.5,1.0,0.9746534824371338,0.23929736018180847,0.32535088062286377,1.0,0.029000001028180122,0.007000000216066837,0.02199999988079071,1.234,0.6723790099207354,1.470607456383885,0.24680393922554755,0.4140185026869343,1.3855157926658141,1.0908456661109074,0.7474798937233635,0.19692633504522764,0.14502109959721565,0.05497969686985016,225.7068287370314,0.21545860171318054,0.09081043303012848,0.4604276120662689,0.08377771079540253,0.036971017718315125,0.34808841347694397,0.5823569893836975,0.7020504474639893,0.9746534824371338,0.9780000001192093,0.4512682345352675,"progress_score,survival_score,orientation_score,slip_score,lateral_score,impact_score"
trotting,1,action_space,1.0,3.4000000953674316,0.0,0.5,0.0,0.07999999821186066,1.0,0.3700000047683716,-1.0,-0.03999999910593033,rough_slope_trot_robustness,rough_slope,2.0,trotting,1000,0.6142740249633789,0.6142740249633789,1.55422043800354,0.5558326244354248,0.175222247838974,0.4314937889575958,1.5960280895233154,0.175222247838974,0.05778494477272034,0.2850627899169922,0.1842854619026184,0.8987476825714111,1.5842220783233643,0.7165536284446716,1.01077401638031,0.4314937889575958,0.37979555130004883,0.032858334481716156,0.006859872490167618,0.5174220204353333,0.14095360040664673,310.6979064941406,219.25045776367188,33.09627151489258,65.89297485351562,545.4579467773438,0.09491685032844543,0.07383333146572113,0.8663607835769653,3.016491413116455,1.246999979019165,0.031084410846233368,0.04000015929341316,3.3822455406188965,0.5,0.08000031858682632,0.36822354793548584,-0.03822377324104309,0.5420856475830078,0.4466668665409088,0.6390367746353149,0.4128539264202118,0.3476814329624176,0.6010271906852722,0.2818804383277893,0.46473124623298645,0.6176018714904785,0.40321266651153564,0.5,1.0,0.9652500152587891,0.12541908025741577,0.22657397389411926,1.0,0.030000001192092896,0.00800000037997961,0.02199999988079071,1.247,0.6947560375369637,1.5553130120032868,0.24038499281926967,0.42928482608009616,1.2586588411175461,1.0053725759042316,0.6162755481925669,0.1992942723007457,0.15542205423116684,0.04457874223589897,199.90594570564573,0.29060229659080505,0.155381977558136,0.45186847448349,0.06381754577159882,0.05966128408908844,0.355281800031662,0.5462111830711365,0.6913101673126221,0.9652500152587891,0.9780000001192093,0.46588259974592616,"progress_score,survival_score,orientation_score,slip_score,lateral_score,impact_score"
trotting,1,action_space,1.0,3.4000000953674316,0.0,0.5,0.0,0.07999999821186066,1.0,0.3700000047683716,1.0,0.03999999910593033,rough_slope_trot_robustness,rough_slope,2.0,trotting,1000,0.6072668433189392,0.6072668433189392,1.3391966819763184,0.7192082405090332,0.19631510972976685,0.4957125782966614,1.6068140268325806,0.19631510972976685,0.08011145889759064,0.2906773090362549,0.19336029887199402,1.1183606386184692,3.4453353881835938,0.8387129306793213,1.3990676403045654,0.4957125782966614,0.5439968109130859,0.032636504620313644,0.02689034678041935,0.5865788459777832,0.1362116038799286,372.7260437011719,274.96087646484375,31.31471824645996,62.69245910644531,447.7542724609375,0.1072663962841034,0.058166682720184326,0.8033368587493896,2.5803534984588623,1.1710000038146973,0.026783939450979233,0.04000015929341316,3.38333797454834,0.5,0.08000031858682632,0.3683326840400696,0.038332950323820114,0.4730551242828369,0.4140404462814331,0.6592559814453125,0.35544323921203613,0.32958316802978516,0.5625707507133484,0.26077210903167725,0.4810195565223694,0.6399343609809875,0.37311363220214844,0.5,1.0,0.9670308828353882,0.12349025905132294,0.21652159094810486,0.9991999864578247,0.02800000086426735,0.004999999888241291,0.023000001907348633,1.171,0.6860262954672822,1.484434903169004,0.2830396772496581,0.43972752798977005,1.8561614660862868,1.1828218971191586,0.7375613946737491,0.24398125215010474,0.13391969725489616,0.06608109921216965,278.32061467709264,0.12630672752857208,0.08566512167453766,0.3040579557418823,0.04039524123072624,0.0655965507030487,0.3093884587287903,0.5764384269714355,0.7476401925086975,0.9670308828353882,0.9769999980926514,0.3978382890161715,"progress_score,survival_score,orientation_score,slip_score,lateral_score,impact_score"
trotting,1,action_space,1.0,3.4000000953674316,0.0,0.5,1.0,0.10999999940395355,-1.0,0.2900000214576721,0.0,0.0,rough_slope_trot_robustness,rough_slope,2.0,trotting,1000,0.6177341938018799,0.6177341938018799,1.4624981880187988,0.6238228678703308,0.17724639177322388,0.43181657791137695,1.5219998359680176,0.17724639177322388,0.0568939633667469,0.2761675715446472,0.17741751670837402,0.9210387468338013,1.9257487058639526,0.8132905960083008,1.2606651782989502,0.43181657791137695,0.4068300127983093,0.03378540277481079,0.011025303974747658,0.5378953218460083,0.12435849756002426,334.9161682128906,242.51754760742188,32.963409423828125,65.63146209716797,604.7332153320312,0.10211428999900818,0.05225001275539398,0.8831566572189331,3.0237207412719727,1.2410000562667847,0.029249973595142365,0.04000015929341316,3.382581949234009,0.5,0.10869330167770386,0.29174238443374634,0.0,0.523196816444397,0.4531055986881256,0.6683367490768433,0.36552131175994873,0.34504038095474243,0.6027436852455139,0.2901425361633301,0.4913575053215027,0.6292011737823486,0.39458006620407104,0.8586635589599609,1.0,0.9657707214355469,0.12485992163419724,0.22314569354057312,1.0,0.029000001028180122,0.0060000005178153515,0.023000001907348633,1.241,0.7116491669709408,1.5609353946246727,0.2385245550603688,0.42120958762636684,1.3877134811854905,1.122793470901461,0.6378322763848733,0.21168539569266098,0.14624986797571182,0.05375092849135399,229.002791905398,0.21084755659103394,0.15494956076145172,0.4081118106842041,0.06995667517185211,0.08314493298530579,0.34102800488471985,0.5438238978385925,0.7700883150100708,0.9657707214355469,0.9769999980926514,0.4416730968575729,"progress_score,survival_score,orientation_score,slip_score,lateral_score,impact_score"
trotting,1,action_space,1.0,3.4000000953674316,0.0,0.5,1.0,0.10999999940395355,-1.0,0.2900000214576721,1.0,0.03999999910593033,rough_slope_trot_robustness,rough_slope,2.0,trotting,1000,0.6038174629211426,0.6038174629211426,1.4250528812408447,0.6642729043960571,0.20573638379573822,0.5053534507751465,1.2289385795593262,0.20573638379573822,0.08408007025718689,0.31298065185546875,0.2144930511713028,1.0760958194732666,2.7874085903167725,0.8240662813186646,1.3128573894500732,0.5053534507751465,0.5401139855384827,0.03303522989153862,0.023057447746396065,0.5802530646324158,0.11271561682224274,391.8132629394531,289.96942138671875,31.279611587524414,64.76121520996094,479.0553894042969,0.11088743805885315,0.05350000783801079,0.8253157138824463,2.769076108932495,1.1779999732971191,0.028501061722636223,0.04000015929341316,3.3821375370025635,0.5,0.10865996778011322,0.29178693890571594,0.03821299225091934,0.48928430676460266,0.42141079902648926,0.6492045521736145,0.3593597412109375,0.31244558095932007,0.5676020979881287,0.3205377161502838,0.43084755539894104,0.6373550295829773,0.38461005687713623,0.8582468628883362,1.0,0.957229733467102,0.07042396068572998,0.17591321468353271,0.9991999864578247,0.029000001028180122,0.004000000189989805,0.02500000223517418,1.178,0.7006075329610568,1.5331857950970083,0.28996563633849254,0.4631339451727791,1.6695534104414786,1.145799890665937,0.7349244760779727,0.2368389276236799,0.14250530861318111,0.0574954878538847,274.94647258162604,0.17118097841739655,0.07778387516736984,0.3256755769252777,0.05444631353020668,0.10494568943977356,0.3133275508880615,0.5556233525276184,0.7652903199195862,0.957229733467102,0.9749999977648258,0.41749388665745135,"progress_score,survival_score,orientation_score,slip_score,lateral_score,impact_score"
trotting,1,action_space,1.0,3.4000000953674316,0.0,0.5,1.0,0.10999999940395355,0.0,0.33000001311302185,0.0,0.0,rough_slope_trot_robustness,rough_slope,2.0,trotting,1000,0.6338117718696594,0.6338117718696594,1.5043811798095703,0.6103929281234741,0.1808139681816101,0.46334877610206604,1.1689677238464355,0.1808139681816101,0.06364121288061142,0.2947366237640381,0.19869184494018555,0.9900943040847778,2.057831048965454,0.801512598991394,1.3195841312408447,0.46334877610206604,0.5080488920211792,0.03735631704330444,0.010292550548911095,0.52475905418396,0.14984220266342163,327.08050537109375,235.4818115234375,32.352638244628906,66.22605895996094,557.3903198242188,0.10371111333370209,0.061333347111940384,0.9297757148742676,3.226719856262207,1.2230000495910645,0.030087638646364212,0.04000015929341316,3.381767749786377,0.5,0.10863224416971207,0.33000147342681885,0.0,0.5217139720916748,0.43795204162597656,0.6500623226165771,0.38721543550491333,0.3274848461151123,0.5875318050384521,0.34240958094596863,0.4622395634651184,0.6266248226165771,0.3964077830314636,0.8579002618789673,1.0,0.9732705354690552,0.2411600947380066,0.33041152358055115,1.0,0.030000001192092896,0.010999999940395355,0.01900000125169754,1.223,0.7602417790685047,1.624304298290317,0.2522721008764374,0.4457486342549863,1.4345142205518404,1.1487315314035933,0.712775485002942,0.21828620568468254,0.15043819323182106,0.04956260323524475,217.4186368194906,0.22530098259449005,0.11684337258338928,0.3855912685394287,0.08700479567050934,0.0499444417655468,0.350106418132782,0.5170627236366272,0.7358958125114441,0.9732705354690552,0.9809999987483025,0.4373695143547498,"progress_score,survival_score,orientation_score,slip_score,lateral_score,impact_score"
trotting,1,action_space,1.0,3.4000000953674316,0.0,0.5,1.0,0.10999999940395355,0.0,0.33000001311302185,1.0,0.03999999910593033,rough_slope_trot_robustness,rough_slope,2.0,trotting,1000,0.626549482345581,0.626549482345581,1.4780951738357544,0.5742838382720947,0.16640958189964294,0.4441324472427368,1.3400799036026,0.16640958189964294,0.0532279908657074,0.2685370445251465,0.15907296538352966,0.963699996471405,2.074620246887207,0.7793571949005127,1.209561824798584,0.4441324472427368,0.5182689428329468,0.02168400213122368,0.012896029278635979,0.5384935140609741,0.17620235681533813,327.9570617675781,235.829833984375,33.399627685546875,65.76580047607422,569.7097778320312,0.09870563447475433,0.05641666799783707,0.9426482319831848,3.260235548019409,1.25,0.029561905190348625,0.04000015929341316,3.383673667907715,0.5,0.10877512395381927,0.33000147342681885,0.038366496562957764,0.5420907735824585,0.45374563336372375,0.6995981931686401,0.3988780379295349,0.35293975472450256,0.6082260608673096,0.343095064163208,0.49474841356277466,0.6182200908660889,0.3889284133911133,0.8596859574317932,1.0,0.9680582284927368,0.1226487010717392,0.21566542983055115,1.0,0.027000000700354576,0.00800000037997961,0.01900000125169754,1.25,0.7541185546875,1.614988631925934,0.2307119218109619,0.3988395233468339,1.4403542088275394,1.0998008114193152,0.7199089823255067,0.18595706872786433,0.14780952595174313,0.052191270515322685,221.87817643467974,0.2673470377922058,0.13910359144210815,0.5007739067077637,0.09029801934957504,0.02947988361120224,0.3406202495098114,0.5209782123565674,0.7542108297348022,0.9680582284927368,0.9809999987483025,0.46797275405965355,"progress_score,survival_score,orientation_score,slip_score,lateral_score,impact_score"
trotting,1,action_space,1.0,3.4000000953674316,0.0,0.5,1.0,0.10999999940395355,1.0,0.3700000047683716,-1.0,-0.03999999910593033,rough_slope_trot_robustness,rough_slope,2.0,trotting,1000,0.6072150468826294,0.6072150468826294,1.4141901731491089,0.6674453020095825,0.17401528358459473,0.4507991075515747,1.2838611602783203,0.17401528358459473,0.057513825595378876,0.291515588760376,0.193284809589386,1.1183862686157227,3.0829644203186035,0.8131292462348938,1.2729650735855103,0.4507991075515747,0.46239858865737915,0.034045569598674774,0.0211593396961689,0.5852863192558289,0.11268091201782227,384.1893310546875,281.47406005859375,31.26396369934082,62.63566589355469,463.97381591796875,0.11180096864700317,0.057750001549720764,0.9476685523986816,3.45082950592041,1.1690001487731934,0.02828381210565567,0.04000015929341316,3.381288528442383,0.5,0.1085963249206543,0.36812782287597656,-0.03812812268733978,0.505713701248169,0.44124945998191833,0.6255842447280884,0.36830902099609375,0.32054662704467773,0.5935947895050049,0.34271717071533203,0.46723473072052,0.644850492477417,0.3764350414276123,0.857451319694519,1.0,0.9554569721221924,0.07165844738483429,0.18408997356891632,0.9992001056671143,0.03100000135600567,0.006000000052154064,0.02500000037252903,1.169,0.8106660214726796,1.7181238652647297,0.23982040279212874,0.4396416831800483,1.7558372419784822,1.1282575386787852,0.6799989622472811,0.2349572499303728,0.14141906052827835,0.05858173593878746,271.6673742677602,0.16831248998641968,0.1310470998287201,0.33150970935821533,0.08767332881689072,0.10501855611801147,0.31018927693367004,0.4780751168727875,0.7491995096206665,0.9554569721221924,0.974999999627471,0.4163712924836498,"progress_score,survival_score,orientation_score,slip_score,lateral_score,impact_score"
bounding,2,action_space,-1.0,2.5999999046325684,0.0,0.5,-1.0,0.08999999612569809,-1.0,0.3400000035762787,1.0,0.03999999910593033,rough_slope_trot_robustness,rough_slope,2.0,trotting,1000,0.5509656667709351,0.5509656667709351,1.1131199598312378,0.9490482211112976,0.2146233320236206,0.6142762899398804,1.5975189208984375,0.2146233320236206,0.10629969835281372,0.3450746536254883,0.27374935150146484,1.4980766773223877,5.6310601234436035,2.147447109222412,6.869733810424805,0.6142762899398804,0.97445148229599,0.08361487090587616,0.04506287723779678,0.695743203163147,0.13284525275230408,480.15704345703125,367.9422607421875,29.471132278442383,58.524532318115234,605.7518310546875,0.1410047709941864,0.05425000935792923,0.6210334300994873,2.1501810550689697,0.8520000576972961,0.02226240187883377,0.04000015929341316,2.6144800186157227,0.5,0.09108644723892212,0.34144771099090576,0.03855140507221222,0.31432074308395386,0.3860715329647064,0.4184929430484772,0.12681403756141663,0.2818182110786438,0.5245062112808228,0.269273042678833,0.42979779839515686,0.6714413166046143,0.3395988941192627,0.6385807394981384,0.9792481660842896,0.9598143100738525,0.06467530876398087,0.15118947625160217,0.9986000061035156,0.02500000037252903,0.007000000216066837,0.018000001087784767,0.852,0.728912353515625,1.5886115044199758,0.3260363451408657,0.5232106186818697,2.3729854874068663,2.621017705095638,0.9871430910946953,0.3587168077239662,0.11131200939416885,0.08868878707289696,431.3614531984754,0.027248138561844826,0.022974886000156403,0.07626394182443619,0.024148985743522644,0.07016503810882568,0.24870535731315613,0.5321012139320374,0.7624258399009705,0.9598143100738525,0.9819999989122152,0.326707551795009,"progress_score,survival_score,orientation_score,slip_score,lateral_score,impact_score"
bounding,2,action_space,-1.0,2.5999999046325684,0.0,0.5,0.0,0.11999999731779099,-1.0,0.3400000035762787,1.0,0.03999999910593033,rough_slope_trot_robustness,rough_slope,2.0,trotting,1000,0.5642470121383667,0.5642470121383667,1.2794890403747559,0.8086353540420532,0.1820906549692154,0.4922301173210144,1.334464430809021,0.1820906549692154,0.06674566864967346,0.33468562364578247,0.2387421429157257,1.1406973600387573,3.312692880630493,2.0248546600341797,6.0388336181640625,0.4922301173210144,0.5642595291137695,0.05735670030117035,0.025874275714159012,0.6125637292861938,0.1634942591190338,407.26519775390625,301.74835205078125,31.658788681030273,61.90156555175781,500.39898681640625,0.12688690423965454,0.049583353102207184,0.5756618976593018,2.0127856731414795,0.9190000295639038,0.02558978646993637,0.04000015929341316,2.61606502532959,0.5,0.11999969929456711,0.34160637855529785,0.03839286416769028,0.360451877117157,0.433248907327652,0.47007009387016296,0.1359778791666031,0.3057997226715088,0.5792586803436279,0.34295618534088135,0.43491849303245544,0.5442997217178345,0.3719804883003235,1.0,0.9766541719436646,0.9590281248092651,0.12231516093015671,0.21197155117988586,0.9990000128746033,0.02800000086426735,0.00800000037997961,0.020000001415610313,0.919,0.6264002886119423,1.4799293878035495,0.25835183113280513,0.48861246700808375,1.8200804599331573,2.457403837012562,0.7511721035247312,0.288497792045848,0.12794893234968185,0.07205186411738396,318.30299823015315,0.07312648743391037,0.08866367489099503,0.18926264345645905,0.06929532438516617,0.038010794669389725,0.2937202751636505,0.5783663392066956,0.7804248929023743,0.9590281248092651,0.9799999985843897,0.36291471888360227,"progress_score,survival_score,orientation_score,slip_score,lateral_score,impact_score"
bounding,2,action_space,0.0,3.0,0.0,0.5,-1.0,0.08999999612569809,0.0,0.3799999952316284,-1.0,-0.03999999910593033,rough_slope_trot_robustness,rough_slope,2.0,trotting,1000,0.5994958281517029,0.5994958281517029,1.3827450275421143,0.6952250599861145,0.17557618021965027,0.426616907119751,1.1064156293869019,0.17557618021965027,0.061445534229278564,0.2967219650745392,0.20000997185707092,0.9465580582618713,2.127979040145874,1.8919618129730225,5.297453880310059,0.426616907119751,0.43512552976608276,0.037075914442539215,0.013228269293904305,0.5698912143707275,0.17197391390800476,351.93450927734375,254.10923767089844,33.54286575317383,65.17401123046875,534.4130249023438,0.10577844083309174,0.06408333778381348,0.8241523504257202,2.998593330383301,1.093000054359436,0.027654893696308136,0.04000015929341316,3.000000238418579,0.5,0.09133058786392212,0.3800007998943329,-0.03822581470012665,0.4263473451137543,0.4557485580444336,0.560610294342041,0.13960430026054382,0.34766125679016113,0.6102682948112488,0.36862266063690186,0.46625015139579773,0.50123131275177,0.38329535722732544,0.6416328549385071,0.9740602374076843,0.9593220949172974,0.24013370275497437,0.3258996903896332,0.9994000196456909,0.030000001192092896,0.007000000216066837,0.023000001907348633,1.093,0.7540277618938701,1.6563369845876887,0.24788209743601608,0.4472247442361289,1.4587594181858343,2.301619838355166,0.6596404549192558,0.22428594190551382,0.13827446848154068,0.06172632798552513,254.51873068957747,0.144662544131279,0.16202253103256226,0.36564815044403076,0.09677890688180923,0.03208141401410103,0.3198886215686798,0.5036553740501404,0.725846529006958,0.9593220949172974,0.9769999980926514,0.4110785562937197,"progress_score,survival_score,orientation_score,slip_score,lateral_score,impact_score"
bounding,2,action_space,0.0,3.0,0.0,0.5,1.0,0.11999999731779099,0.0,0.3799999952316284,-1.0,-0.03999999910593033,rough_slope_trot_robustness,rough_slope,2.0,trotting,1000,0.6034449338912964,0.6034449338912964,1.4386446475982666,0.6405308246612549,0.15529777109622955,0.3764442801475525,1.6571104526519775,0.15529777109622955,0.045165158808231354,0.2944587469100952,0.19045448303222656,0.8098069429397583,1.4358853101730347,1.946707010269165,5.618531703948975,0.3764442801475525,0.30278950929641724,0.04375693202018738,0.007657821290194988,0.5523924231529236,0.14543889462947845,349.9996337890625,249.25460815429688,34.120697021484375,66.4124984741211,360.7442932128906,0.11076585203409195,0.0638333410024643,0.8234362602233887,3.022411584854126,1.1040000915527344,0.02877289056777954,0.04000015929341316,3.000000238418579,0.5,0.11999969929456711,0.3800007998943329,-0.038320038467645645,0.4511443078517914,0.49232351779937744,0.5635249018669128,0.13722482323646545,0.3836659789085388,0.6472941637039185,0.29466748237609863,0.4644407331943512,0.5272210836410522,0.38994330167770386,1.0,0.9757895469665527,0.9619383215904236,0.23800796270370483,0.3210957646369934,1.0,0.027000000700354576,0.009999999776482582,0.017000000923871994,1.104,0.7458661397298177,1.6545971370014285,0.21252096086793734,0.436410910762124,1.1982843194221622,2.370344216342634,0.5502631273276606,0.2267482156718821,0.1438644528388977,0.056136343628168106,243.28428453361744,0.19376309216022491,0.24241529405117035,0.3576161563396454,0.07727277278900146,0.05454234406352043,0.3312821388244629,0.5043812394142151,0.726754367351532,0.9619383215904236,0.982999999076128,0.4236511816515735,"progress_score,survival_score,orientation_score,slip_score,lateral_score,impact_score"
bounding,2,action_space,1.0,3.4000000953674316,0.0,0.5,-1.0,0.08999999612569809,0.0,0.3799999952316284,1.0,0.03999999910593033,rough_slope_trot_robustness,rough_slope,2.0,trotting,1000,0.5919874310493469,0.5919874310493469,1.4271514415740967,0.6483713388442993,0.15480974316596985,0.44578081369400024,1.394324779510498,0.15480974316596985,0.04669848829507828,0.3091224133968353,0.21593357622623444,0.928156852722168,1.8711411952972412,1.8866298198699951,5.1961798667907715,0.44578081369400024,0.4430921971797943,0.039858147501945496,0.011613497510552406,0.611329197883606,0.1945643126964569,364.859375,258.1302795410156,33.39815139770508,64.1099624633789,468.8426208496094,0.1039397120475769,0.07699999958276749,1.1036226749420166,4.195956707000732,1.2109999656677246,0.0285430196672678,0.04000015929341316,3.3826069831848145,0.5,0.09130498766899109,0.3800007998943329,0.03825991228222847,0.47597089409828186,0.44096601009368896,0.6048773527145386,0.1380794495344162,0.3424104154109955,0.598762035369873,0.34094321727752686,0.4598599672317505,0.5076166391372681,0.36141639947891235,0.6413130164146423,0.9749249219894409,0.9559110403060913,0.12483158707618713,0.22291415929794312,0.9996000528335571,0.029000001028180122,0.009999999776482582,0.01900000125169754,1.211,0.9113316933642135,1.8614158997695116,0.21609833015337782,0.46468653544753635,1.3678966318027255,2.27951307668782,0.6656517086132915,0.22687363225482574,0.142715098336339,0.057285698130726814,255.65568192088517,0.18608689308166504,0.13707797229290009,0.3572094738483429,0.09746182709932327,0.020419063046574593,0.2944463789463043,0.42053931951522827,0.6804506182670593,0.9559110403060913,0.9809999987483025,0.4133458947762847,"progress_score,survival_score,orientation_score,slip_score,lateral_score,impact_score"
bounding,2,action_space,1.0,3.4000000953674316,0.0,0.5,1.0,0.11999999731779099,1.0,0.3799999952316284,-1.0,-0.03999999910593033,rough_slope_trot_robustness,rough_slope,2.0,trotting,1000,0.5867511630058289,0.5867511630058289,1.427893877029419,0.689002513885498,0.1627802848815918,0.4514278769493103,1.0485918521881104,0.1627802848815918,0.05614009127020836,0.326793372631073,0.2479180097579956,0.9417247772216797,2.5107173919677734,1.7781414985656738,4.689486503601074,0.4514278769493103,0.4843672513961792,0.045747049152851105,0.014885731041431427,0.5928999781608582,0.1462050974369049,384.58905029296875,275.0187072753906,32.82013702392578,63.450347900390625,698.1406860351562,0.11241352558135986,0.05125001072883606,1.0011614561080933,4.055418491363525,1.2110000848770142,0.02855788916349411,0.04000015929341316,3.3810839653015137,0.5,0.11999969929456711,0.3800007998943329,-0.03810762241482735,0.4500020146369934,0.4381444454193115,0.5790843963623047,0.15127159655094147,0.3486167788505554,0.5971355438232422,0.41160619258880615,0.440800279378891,0.5212705731391907,0.3707546293735504,1.0,0.9723309278488159,0.9468475580215454,0.07229156792163849,0.1832641363143921,0.9991999864578247,0.03200000151991844,0.005000000353902578,0.027000000700354576,1.211,0.826722854626858,1.829977508602389,0.2369390032692135,0.49791365693059236,1.5845243424977016,2.165522224222387,0.6959649785701715,0.2462372437189032,0.14278944581747055,0.05721135064959526,269.34007945539014,0.1497335582971573,0.13030579686164856,0.29740646481513977,0.11401860415935516,0.053712911903858185,0.30550169944763184,0.43291911482810974,0.7739484310150146,0.9468475580215454,0.9729999992996454,0.3977654543950369,"progress_score,survival_score,orientation_score,slip_score,lateral_score,impact_score"
pacing,3,action_space,0.0,2.5,0.0,0.5,-1.0,0.08999999612569809,1.0,0.3799999952316284,0.0,0.0,rough_slope_trot_robustness,rough_slope,2.0,trotting,1000,0.6091327667236328,0.6091327667236328,1.4884281158447266,0.5575463771820068,0.26284512877464294,0.484874427318573,1.4290869235992432,0.26284512877464294,0.11917466670274734,0.26109105348587036,0.15775863826274872,1.1929277181625366,2.56638503074646,0.7263981103897095,1.0087339878082275,0.484874427318573,0.5151596069335938,0.016925105825066566,0.010440447367727757,0.47498512268066406,0.14718610048294067,290.1866149902344,205.49630737304688,33.9477653503418,69.26744842529297,425.0050354003906,0.09999258816242218,0.04983334243297577,0.5574004650115967,1.8936941623687744,0.9390000104904175,0.02976856380701065,0.04000015929341316,2.5,0.5,0.09131255745887756,0.3800007998943329,0.0,0.5274626612663269,0.4137752652168274,0.7135905027389526,0.3950423002243042,0.24619030952453613,0.5688392519950867,0.2318539023399353,0.5212717652320862,0.5096912384033203,0.4205015003681183,0.6414075493812561,0.9749249219894409,0.960530161857605,0.23948001861572266,0.32687899470329285,1.0,0.029000001028180122,0.003000000026077032,0.026000000536441803,0.939,0.5936107696435703,1.4201104262651107,0.34521684012044856,0.3971884165767536,1.6019940794979424,1.0043575000009846,0.7177461995257054,0.16542537046292,0.14884281903505325,0.05115797743201256,194.9617935196991,0.2883928120136261,0.0952707901597023,0.5785032510757446,0.022091101855039597,0.052669327706098557,0.38675254583358765,0.6040016412734985,0.779449999332428,0.960530161857605,0.9739999994635582,0.4877901272358079,"progress_score,survival_score,orientation_score,slip_score,lateral_score,impact_score"
pacing,3,action_space,0.0,2.5,0.0,0.5,0.0,0.11999999731779099,-1.0,0.3400000035762787,0.0,0.0,rough_slope_trot_robustness,rough_slope,2.0,trotting,1000,0.6466929912567139,0.6466929912567139,1.515433669090271,0.5343481302261353,0.2505820095539093,0.430446594953537,1.5128173828125,0.2505820095539093,0.1045665591955185,0.2779422104358673,0.1865529716014862,1.1203312873840332,2.1632161140441895,0.7047145366668701,0.9594507217407227,0.430446594953537,0.46119797229766846,0.017984718084335327,0.012089247815310955,0.4753682017326355,0.1452031433582306,295.4334411621094,207.81454467773438,33.512569427490234,69.24674987792969,302.9156799316406,0.10855138301849365,0.0624166801571846,0.6761530637741089,2.4115469455718994,0.9480000734329224,0.030308673158288002,0.04000015929341316,2.5,0.5,0.11999969929456711,0.3418588638305664,0.0,0.5502212047576904,0.4489535987377167,0.7211198806762695,0.39475762844085693,0.2428440898656845,0.6084534525871277,0.22350141406059265,0.4987414479255676,0.519227921962738,0.4213542938232422,1.0,0.9731955528259277,0.9633370041847229,0.4834737777709961,0.546865701675415,1.0,0.03100000135600567,0.003000000026077032,0.02800000086426735,0.948,0.7132415771484375,1.5949375591259203,0.3233675295936784,0.4319177833818448,1.4707875829106627,0.9795155546190794,0.679115580956341,0.1734184704685354,0.15154336579144,0.0484574306756258,194.94976730948628,0.3191443979740143,0.1567908227443695,0.5480003952980042,0.027210600674152374,0.0548001267015934,0.38645634055137634,0.5294288396835327,0.7319204807281494,0.9633370041847229,0.9719999991357327,0.48443993877031305,"progress_score,survival_score,orientation_score,slip_score,lateral_score,impact_score"
pacing,3,action_space,0.0,2.5,0.0,0.5,1.0,0.11999999731779099,-1.0,0.3400000035762787,0.0,0.0,rough_slope_trot_robustness,rough_slope,2.0,trotting,1000,0.6190460920333862,0.6190460920333862,1.5108070373535156,0.5407586097717285,0.24724215269088745,0.42865273356437683,1.3659923076629639,0.24724215269088745,0.09752679616212845,0.2786954343318939,0.1842452585697174,1.0831730365753174,2.300075054168701,0.6812988519668579,0.9042094945907593,0.42865273356437683,0.39223891496658325,0.011637979187071323,0.008832906372845173,0.4950602352619171,0.11984990537166595,319.9162292480469,230.8005828857422,33.38066101074219,68.1035385131836,513.01220703125,0.10252273082733154,0.07008333504199982,0.7391144037246704,2.5800747871398926,0.9520000219345093,0.03021613508462906,0.04000015929341316,2.5,0.5,0.11999969929456711,0.34183377027511597,0.0,0.5507750511169434,0.43771302700042725,0.7382870316505432,0.41994041204452515,0.25483304262161255,0.5947459936141968,0.253464013338089,0.49340125918388367,0.5167382955551147,0.42415040731430054,1.0,0.9740602374076843,0.958855390548706,0.24127784371376038,0.3328776955604553,1.0,0.030000001192092896,0.007000000216066837,0.023000001907348633,0.952,0.7763806511374081,1.6462570427899559,0.3122928051718906,0.4292379975837617,1.5165998332350894,0.9508993083343574,0.6262898011037568,0.14307650247303538,0.1510806754231453,0.04892012104392052,211.7518791866663,0.3104664087295532,0.15922585129737854,0.6640368103981018,0.036278560757637024,0.09099068492650986,0.3715319335460663,0.5078645348548889,0.704394519329071,0.958855390548706,0.9769999980926514,0.5109000721652257,"progress_score,survival_score,orientation_score,slip_score,lateral_score,impact_score"
pacing,3,action_space,0.0,2.5,0.0,0.5,1.0,0.11999999731779099,-1.0,0.3400000035762787,1.0,0.03999999910593033,rough_slope_trot_robustness,rough_slope,2.0,trotting,1000,0.6038117408752441,0.6038117408752441,1.487367868423462,0.5625449419021606,0.24088457226753235,0.421592116355896,1.2658154964447021,0.24088457226753235,0.09522533416748047,0.264530211687088,0.16571664810180664,1.139254093170166,2.519580841064453,0.7268173694610596,1.0907278060913086,0.421592116355896,0.3849291205406189,0.011058013886213303,0.01285554002970457,0.489141047000885,0.14066576957702637,310.59478759765625,224.00953674316406,33.018863677978516,68.20840454101562,418.0874328613281,0.10604996979236603,0.051166679710149765,0.6331210136413574,2.2365565299987793,0.9460000991821289,0.0297473706305027,0.04000015929341316,2.5,0.5,0.11999969929456711,0.34185662865638733,0.038142815232276917,0.5349769592285156,0.44471096992492676,0.7426543831825256,0.40739649534225464,0.24410119652748108,0.6054642796516418,0.271919310092926,0.5162267088890076,0.5228021144866943,0.4193335771560669,1.0,0.9731955528259277,0.9528741836547852,0.12715184688568115,0.23177221417427063,0.9998000264167786,0.030000001192092896,0.007000000216066837,0.023000001907348633,0.946,0.6692610694288451,1.5376035830711898,0.30858602393413814,0.40708309729317754,1.5873187584932187,1.044379148629131,0.6204265633744407,0.1546400786210285,0.1487368531525135,0.05126394331455231,208.82176776272013,0.2820059061050415,0.1690773218870163,0.6198541522026062,0.041990067809820175,0.06000572070479393,0.3759564161300659,0.5537421107292175,0.7742709517478943,0.9528741836547852,0.9769999980926514,0.49498166918362446,"progress_score,survival_score,orientation_score,slip_score,lateral_score,impact_score"
pacing,3,action_space,1.0,2.9000000953674316,0.0,0.5,-1.0,0.08999999612569809,-1.0,0.3400000035762787,-1.0,-0.03999999910593033,rough_slope_trot_robustness,rough_slope,2.0,trotting,1000,0.5707581043243408,0.5707581043243408,1.5014139413833618,0.5941581130027771,0.26983535289764404,0.5251494646072388,1.488959550857544,0.26983535289764404,0.13538801670074463,0.30865979194641113,0.2213355004787445,1.3026710748672485,3.382462739944458,0.7419463396072388,1.0700957775115967,0.5251494646072388,0.5920315384864807,0.03437948226928711,0.02007746323943138,0.5295807123184204,0.16779354214668274,339.95361328125,249.33740234375,33.035091400146484,69.08242797851562,428.71868896484375,0.10225453972816467,0.06066667661070824,0.6968040466308594,2.261244773864746,1.0700000524520874,0.03002827614545822,0.04000015929341316,2.8825979232788086,0.5,0.09130562841892242,0.34174028038978577,-0.038259074091911316,0.5065698623657227,0.38512277603149414,0.6192132830619812,0.4028851091861725,0.2251213639974594,0.5362694263458252,0.23500056564807892,0.46515870094299316,0.5202131271362305,0.4087660312652588,0.641321063041687,0.9749249219894409,0.951645016670227,0.06954370439052582,0.17308196425437927,0.9998000264167786,0.02800000086426735,0.009000000543892384,0.01900000125169754,1.07,0.6512187066479264,1.4537237486178591,0.36795110639967454,0.4704630702602963,1.8391472860933291,1.0344543380505475,0.7694358572918738,0.23336011979067564,0.1501413807272911,0.049859415739774704,226.4223102710942,0.2436322271823883,0.06342991441488266,0.3365061581134796,0.01504484098404646,0.034878987818956375,0.3467464745044708,0.5895898342132568,0.73835289478302,0.951645016670227,0.9809999987483025,0.42723776596157176,"progress_score,survival_score,orientation_score,slip_score,lateral_score,impact_score"
pacing,3,action_space,1.0,2.9000000953674316,0.0,0.5,-1.0,0.08999999612569809,0.0,0.3799999952316284,-1.0,-0.03999999910593033,rough_slope_trot_robustness,rough_slope,2.0,trotting,1000,0.5860328674316406,0.5860328674316406,1.5208966732025146,0.5442218780517578,0.253426730632782,0.464141309261322,1.6579424142837524,0.253426730632782,0.10222184658050537,0.2642911672592163,0.16050754487514496,1.2129371166229248,2.3162407875061035,0.7179818749427795,1.0045108795166016,0.464141309261322,0.42644160985946655,0.020775504410266876,0.00894201174378395,0.49753767251968384,0.14350679516792297,306.7933349609375,221.57037353515625,33.71460723876953,68.42779541015625,445.31024169921875,0.09582836925983429,0.06816668063402176,0.7676295042037964,2.5762548446655273,1.0880000591278076,0.030417945235967636,0.04000015929341316,2.882006883621216,0.5,0.09134992957115173,0.3800007998943329,-0.0382000133395195,0.5344181060791016,0.3963993191719055,0.6687333583831787,0.39633601903915405,0.23134341835975647,0.5571540594100952,0.21424955129623413,0.5017520189285278,0.5129600763320923,0.41718578338623047,0.6418747305870056,0.9740602374076843,0.9543907642364502,0.1260071098804474,0.22746732831001282,1.0,0.030000001192092896,0.004000000189989805,0.026000000536441803,1.088,0.7055417229147518,1.5387921646910054,0.31972151410329797,0.40063392876183734,1.5219200989231016,1.0022529019746471,0.6530249687871563,0.1723876914227081,0.15208972617983818,0.04791107028722763,201.71872314963406,0.30583491921424866,0.11598764359951019,0.551921010017395,0.024664772674441338,0.05669122934341431,0.3696955740451813,0.5532361268997192,0.711177408695221,0.9543907642364502,0.9739999994635582,0.48413493150943204,"progress_score,survival_score,orientation_score,slip_score,lateral_score,impact_score"
pacing,3,action_space,1.0,2.9000000953674316,0.0,0.5,-1.0,0.08999999612569809,0.0,0.3799999952316284,0.0,0.0,rough_slope_trot_robustness,rough_slope,2.0,trotting,1000,0.5994342565536499,0.5994342565536499,1.4710705280303955,0.630626916885376,0.26938995718955994,0.4862057566642761,1.6065375804901123,0.26938995718955994,0.1410103291273117,0.3094266653060913,0.2167634218931198,1.314037799835205,3.5403356552124023,0.7786779999732971,1.1397714614868164,0.4862057566642761,0.5445005893707275,0.025403987616300583,0.02371351793408394,0.5320184230804443,0.13441503047943115,339.72283935546875,247.8345947265625,33.14704895019531,68.43392944335938,701.4019165039062,0.10307317972183228,0.053916677832603455,0.7465754747390747,2.486421585083008,1.0490000247955322,0.029421424493193626,0.04000015929341316,2.881582736968994,0.5,0.09138171374797821,0.3800007998943329,0.0,0.5010737776756287,0.4283272624015808,0.6575811505317688,0.3841182589530945,0.22746171057224274,0.5812162160873413,0.22387777268886566,0.4637432396411896,0.5210252404212952,0.4087653160095215,0.6422719955444336,0.9731955528259277,0.9579182267189026,0.24157175421714783,0.33140140771865845,0.9998000264167786,0.030000001192092896,0.004999999888241291,0.02500000037252903,1.049,0.7117020395168017,1.539570646546955,0.3755134207019926,0.465578588310416,1.8815779694746648,1.0676007968743824,0.7379028319302803,0.22162469526292533,0.14710712246596813,0.05289367400109768,230.93579327588117,0.2037704437971115,0.09404703229665756,0.3744301199913025,0.01195334643125534,0.06799639016389847,0.3450600504875183,0.5529047846794128,0.7636975646018982,0.9579182267189026,0.974999999627471,0.425321504963856,"progress_score,survival_score,orientation_score,slip_score,lateral_score,impact_score"
pacing,3,action_space,1.0,2.9000000953674316,0.0,0.5,0.0,0.11999999731779099,-1.0,0.3400000035762787,-1.0,-0.03999999910593033,rough_slope_trot_robustness,rough_slope,2.0,trotting,1000,0.5919756889343262,0.5919756889343262,1.5553780794143677,0.5378254055976868,0.23387421667575836,0.42224279046058655,1.187940001487732,0.23387421667575836,0.08703359961509705,0.28113728761672974,0.17964376509189606,1.2120306491851807,2.45869779586792,0.7505989074707031,1.1078650951385498,0.42224279046058655,0.3667442202568054,0.02489032968878746,0.01046538632363081,0.5006719827651978,0.13041476905345917,328.62152099609375,240.28662109375,33.499290466308594,68.42362976074219,420.5846862792969,0.10698060691356659,0.05025000125169754,0.7641558647155762,2.5543715953826904,1.071000099182129,0.03110756352543831,0.04000015929341316,2.8819782733917236,0.5,0.11999969929456711,0.34180229902267456,-0.03819721192121506,0.5419493913650513,0.44517287611961365,0.6489936113357544,0.39610207080841064,0.22571076452732086,0.6042656898498535,0.283744215965271,0.482662558555603,0.5203394889831543,0.416151225566864,1.0,0.9740601778030396,0.9543871879577637,0.12603864073753357,0.22772002220153809,0.9998000264167786,0.030000001192092896,0.007000000216066837,0.023000001907348633,1.071,0.7134974432481326,1.5443555798105317,0.29501457525874386,0.42384403392273445,1.5680235316690627,1.0525517066341918,0.6055941052031513,0.18803115702568624,0.15553781762719154,0.04446297883987427,211.28079747647377,0.31442031264305115,0.16815152764320374,0.4930649697780609,0.05347120389342308,0.0736599937081337,0.3673853576183319,0.5508688688278198,0.7778279185295105,0.9543871879577637,0.9769999980926514,0.4804507111640353,"progress_score,survival_score,orientation_score,slip_score,lateral_score,impact_score"
