candidate,task_id,condition,cmd_vx,rank,gait,score,soft_prob
balanced,flat_trot_efficiency,flat,0.5,1,pacing,0.7799751062623479,0.48668541781473457
balanced,flat_trot_efficiency,flat,0.5,2,pronking,0.7568854727189649,0.22541958856115216
balanced,flat_trot_efficiency,flat,0.5,3,trotting,0.7531922757964243,0.1993091106693821
balanced,flat_trot_efficiency,flat,0.5,4,bounding,0.7288657429204747,0.08858588295473124
balanced,flat_trot_efficiency,flat,1.0,1,pronking,0.7499054958874528,0.30514313546184985
balanced,flat_trot_efficiency,flat,1.0,2,trotting,0.7491427177055315,0.2974823881451007
balanced,flat_trot_efficiency,flat,1.0,3,pacing,0.7468750276348808,0.2758246546819338
balanced,flat_trot_efficiency,flat,1.0,4,bounding,0.7222917940128933,0.12154982171111568
balanced,flat_trot_efficiency,flat,1.5,1,trotting,0.7006026047874582,0.3726957295774666
balanced,flat_trot_efficiency,flat,1.5,2,pronking,0.6913120899010788,0.273438988119851
balanced,flat_trot_efficiency,flat,1.5,3,pacing,0.6848646703091535,0.22055884552381894
balanced,flat_trot_efficiency,flat,1.5,4,bounding,0.6697592497549274,0.13330643677886345
balanced,flat_trot_efficiency,flat,2.0,1,trotting,0.6435705955732952,0.4662103920888671
balanced,flat_trot_efficiency,flat,2.0,2,pronking,0.6202211636033925,0.2140741859807423
balanced,flat_trot_efficiency,flat,2.0,3,pacing,0.6183579662306742,0.2011832208396382
balanced,flat_trot_efficiency,flat,2.0,4,bounding,0.6024870249358091,0.11853220109075245
balanced,push_lateral_pace_recovery,push_lateral,1.2,1,trotting,0.7308314521881667,0.4029739686962128
balanced,push_lateral_pace_recovery,push_lateral,1.2,2,pronking,0.7148245604200797,0.23634885367668412
balanced,push_lateral_pace_recovery,push_lateral,1.2,3,pacing,0.7093530247834596,0.19694497714591896
balanced,push_lateral_pace_recovery,push_lateral,1.2,4,bounding,0.7038122582842004,0.16373220048118417
balanced,push_lateral_pace_recovery,push_lateral,1.5,1,trotting,0.7074962747367946,0.42023101118604644
balanced,push_lateral_pace_recovery,push_lateral,1.5,2,pronking,0.6957779834216291,0.28434687286195615
balanced,push_lateral_pace_recovery,push_lateral,1.5,3,pacing,0.6863782619888131,0.207861258029757
balanced,push_lateral_pace_recovery,push_lateral,1.5,4,bounding,0.6604421592571519,0.0875608579222404
balanced,push_lateral_pace_recovery,push_lateral,1.8,1,trotting,0.6680620679801161,0.4206136018202076
balanced,push_lateral_pace_recovery,push_lateral,1.8,2,pacing,0.6524374417283318,0.24985824243348753
balanced,push_lateral_pace_recovery,push_lateral,1.8,3,pronking,0.6480082111602481,0.21556289170771642
balanced,push_lateral_pace_recovery,push_lateral,1.8,4,bounding,0.6288874409415506,0.1139652640385884
balanced,ramp_up_trot_robustness,ramp_up,0.5,1,pacing,0.8037055309861898,0.4850610440564117
balanced,ramp_up_trot_robustness,ramp_up,0.5,2,pronking,0.7872158157215877,0.2799518352936792
balanced,ramp_up_trot_robustness,ramp_up,0.5,3,trotting,0.7742757706818256,0.1818682887507923
balanced,ramp_up_trot_robustness,ramp_up,0.5,4,bounding,0.7373532340269197,0.053118831899116974
balanced,ramp_up_trot_robustness,ramp_up,1.0,1,pacing,0.7577179885046049,0.3790064718716844
balanced,ramp_up_trot_robustness,ramp_up,1.0,2,pronking,0.7482999702068892,0.2768897293273821
balanced,ramp_up_trot_robustness,ramp_up,1.0,3,trotting,0.7415095519613136,0.22080325651546123
balanced,ramp_up_trot_robustness,ramp_up,1.0,4,bounding,0.7240301343189045,0.12330054228547221
balanced,ramp_up_trot_robustness,ramp_up,1.5,1,pronking,0.7034943423487924,0.3670148318162107
balanced,ramp_up_trot_robustness,ramp_up,1.5,2,pacing,0.6955809433351864,0.28191970427681473
balanced,ramp_up_trot_robustness,ramp_up,1.5,3,trotting,0.6945705639367753,0.2725829524679424
balanced,ramp_up_trot_robustness,ramp_up,1.5,4,bounding,0.6572185489941728,0.07848251143903212
balanced,ramp_up_trot_robustness,ramp_up,2.0,1,pronking,0.6192851957949725,0.426119504087498
balanced,ramp_up_trot_robustness,ramp_up,2.0,2,trotting,0.6117639740759677,0.33162753026359837
balanced,ramp_up_trot_robustness,ramp_up,2.0,3,pacing,0.5949621821669016,0.18941733681569387
balanced,ramp_up_trot_robustness,ramp_up,2.0,4,bounding,0.5566591733558611,0.05283562883320972
balanced,rough_slope_trot_robustness,rough_slope,0.5,1,pacing,0.7718490824442018,0.3564091436343387
balanced,rough_slope_trot_robustness,rough_slope,0.5,2,trotting,0.7653747764839367,0.28722593962718895
balanced,rough_slope_trot_robustness,rough_slope,0.5,3,pronking,0.764271472834728,0.27685457375365075
balanced,rough_slope_trot_robustness,rough_slope,0.5,4,bounding,0.726843315329064,0.07951034298482167
balanced,rough_slope_trot_robustness,rough_slope,1.0,1,pacing,0.7328512662513689,0.33809506628443997
balanced,rough_slope_trot_robustness,rough_slope,1.0,2,pronking,0.7262174945663322,0.27102237832041354
balanced,rough_slope_trot_robustness,rough_slope,1.0,3,trotting,0.7224576332352378,0.23909780239364312
balanced,rough_slope_trot_robustness,rough_slope,1.0,4,bounding,0.7088253552940759,0.15178475300150338
balanced,rough_slope_trot_robustness,rough_slope,1.5,1,pacing,0.6543628684499047,0.3525078606626309
balanced,rough_slope_trot_robustness,rough_slope,1.5,2,pronking,0.6479142709889195,0.28432548988836504
balanced,rough_slope_trot_robustness,rough_slope,1.5,3,trotting,0.640917170657353,0.22517615237375876
balanced,rough_slope_trot_robustness,rough_slope,1.5,4,bounding,0.6262262254276059,0.13799049707524527
balanced,rough_slope_trot_robustness,rough_slope,2.0,1,trotting,0.5527318146418442,0.517513492569807
balanced,rough_slope_trot_robustness,rough_slope,2.0,2,pacing,0.5407170427116481,0.34672889762097847
balanced,rough_slope_trot_robustness,rough_slope,2.0,3,bounding,0.49774283231659366,0.0827703180851125
balanced,rough_slope_trot_robustness,rough_slope,2.0,4,pronking,0.4843623099001971,0.052987291724102034
balanced,stepping_stones_easy_bound_highspeed,stepping_stones_easy,1.7,1,pacing,0.5501168914054605,0.35565457395407063
balanced,stepping_stones_easy_bound_highspeed,stepping_stones_easy,1.7,2,pronking,0.5396503833207217,0.2509054962077271
balanced,stepping_stones_easy_bound_highspeed,stepping_stones_easy,1.7,3,bounding,0.5364547505974769,0.2255530233990659
balanced,stepping_stones_easy_bound_highspeed,stepping_stones_easy,1.7,4,trotting,0.5275968098504977,0.16788690643913642
balanced,stepping_stones_easy_bound_highspeed,stepping_stones_easy,2.0,1,pacing,0.529519666113298,0.5677129888225345
balanced,stepping_stones_easy_bound_highspeed,stepping_stones_easy,2.0,2,bounding,0.4949518704956228,0.17935303673396172
balanced,stepping_stones_easy_bound_highspeed,stepping_stones_easy,2.0,3,trotting,0.4945699107240547,0.17708399062644675
balanced,stepping_stones_easy_bound_highspeed,stepping_stones_easy,2.0,4,pronking,0.46913391119715847,0.07584998381705696
efficiency,flat_trot_efficiency,flat,0.5,1,pacing,0.7950633622822352,0.4639320280507066
efficiency,flat_trot_efficiency,flat,0.5,2,trotting,0.7758809580451012,0.24477136619867537
efficiency,flat_trot_efficiency,flat,0.5,3,pronking,0.769379229792061,0.19707814014059402
efficiency,flat_trot_efficiency,flat,0.5,4,bounding,0.7472397064141532,0.09421846561002398
efficiency,flat_trot_efficiency,flat,1.0,1,trotting,0.7669579559172105,0.33575759462656257
efficiency,flat_trot_efficiency,flat,1.0,2,pronking,0.7610491704129216,0.27573215406226187
efficiency,flat_trot_efficiency,flat,1.0,3,pacing,0.7602855372907861,0.26880212142363963
efficiency,flat_trot_efficiency,flat,1.0,4,bounding,0.7360179681397442,0.11970812988753587
efficiency,flat_trot_efficiency,flat,1.5,1,trotting,0.7067602074073096,0.4390973439560681
efficiency,flat_trot_efficiency,flat,1.5,2,pacing,0.6885461863795562,0.2392686775701473
efficiency,flat_trot_efficiency,flat,1.5,3,pronking,0.686019689593065,0.21994346474702253
efficiency,flat_trot_efficiency,flat,1.5,4,bounding,0.6628765941963399,0.10169051372676209
efficiency,flat_trot_efficiency,flat,2.0,1,trotting,0.630062182866303,0.5126695994224987
efficiency,flat_trot_efficiency,flat,2.0,2,pronking,0.6038355103893472,0.21387872869937088
efficiency,flat_trot_efficiency,flat,2.0,3,pacing,0.6001384664559738,0.18908078702227218
efficiency,flat_trot_efficiency,flat,2.0,4,bounding,0.5759299066849054,0.08437088485585821
efficiency,push_lateral_pace_recovery,push_lateral,1.2,1,trotting,0.7492754509772307,0.5189925326611774
efficiency,push_lateral_pace_recovery,push_lateral,1.2,2,pronking,0.7237706401584937,0.22178958886041145
efficiency,push_lateral_pace_recovery,push_lateral,1.2,3,bounding,0.7078527879535355,0.13046879260038957
efficiency,push_lateral_pace_recovery,push_lateral,1.2,4,pacing,0.7074547293097048,0.12874908587802159
efficiency,push_lateral_pace_recovery,push_lateral,1.5,1,trotting,0.7102292738023347,0.47493468445335213
efficiency,push_lateral_pace_recovery,push_lateral,1.5,2,pronking,0.6900750631965431,0.24258939168881247
efficiency,push_lateral_pace_recovery,push_lateral,1.5,3,pacing,0.6845635161069888,0.20187567379473398
efficiency,push_lateral_pace_recovery,push_lateral,1.5,4,bounding,0.6570190077181907,0.08060025006310134
efficiency,push_lateral_pace_recovery,push_lateral,1.8,1,trotting,0.6745475493704102,0.5632435097867236
efficiency,push_lateral_pace_recovery,push_lateral,1.8,2,pronking,0.6413672355369532,0.18636397107366853
efficiency,push_lateral_pace_recovery,push_lateral,1.8,3,pacing,0.6398031903829959,0.1768968433726509
efficiency,push_lateral_pace_recovery,push_lateral,1.8,4,bounding,0.6134529848183905,0.07349567576695709
efficiency,ramp_up_trot_robustness,ramp_up,0.5,1,pacing,0.8080409648079825,0.46028350296127657
efficiency,ramp_up_trot_robustness,ramp_up,0.5,2,trotting,0.7925060511084406,0.2742423360867018
efficiency,ramp_up_trot_robustness,ramp_up,0.5,3,pronking,0.7855250719751764,0.21730738008337278
efficiency,ramp_up_trot_robustness,ramp_up,0.5,4,bounding,0.7403257741908809,0.04816678086864885
efficiency,ramp_up_trot_robustness,ramp_up,1.0,1,pacing,0.7605665661228289,0.3917634593017299
efficiency,ramp_up_trot_robustness,ramp_up,1.0,2,trotting,0.7489299295370335,0.2658069653904387
efficiency,ramp_up_trot_robustness,ramp_up,1.0,3,pronking,0.7452007119843205,0.23473638054563475
efficiency,ramp_up_trot_robustness,ramp_up,1.0,4,bounding,0.7218254108530736,0.10769319476219656
efficiency,ramp_up_trot_robustness,ramp_up,1.5,1,pronking,0.6951645688552942,0.42212129631855533
efficiency,ramp_up_trot_robustness,ramp_up,1.5,2,pacing,0.681304675393871,0.26594679129734045
efficiency,ramp_up_trot_robustness,ramp_up,1.5,3,trotting,0.6789449422088054,0.2458295680987763
efficiency,ramp_up_trot_robustness,ramp_up,1.5,4,bounding,0.6395419140712226,0.06610234428532791
efficiency,ramp_up_trot_robustness,ramp_up,2.0,1,trotting,0.5833469358871558,0.4020928281696707
efficiency,ramp_up_trot_robustness,ramp_up,2.0,2,pronking,0.5789759705574917,0.34757627366633714
efficiency,ramp_up_trot_robustness,ramp_up,2.0,3,pacing,0.5622235265660234,0.19885369111093748
efficiency,ramp_up_trot_robustness,ramp_up,2.0,4,bounding,0.5216806203991708,0.05147720705305488
efficiency,rough_slope_trot_robustness,rough_slope,0.5,1,pacing,0.7791552615401867,0.32871291872247416
efficiency,rough_slope_trot_robustness,rough_slope,0.5,2,trotting,0.7786665051659968,0.3234009559999368
efficiency,rough_slope_trot_robustness,rough_slope,0.5,3,pronking,0.7729335155454463,0.2671454453471412
efficiency,rough_slope_trot_robustness,rough_slope,0.5,4,bounding,0.7370369941678032,0.08074067993044776
efficiency,rough_slope_trot_robustness,rough_slope,1.0,1,pacing,0.7389982986164148,0.35147152093030076
efficiency,rough_slope_trot_robustness,rough_slope,1.0,2,pronking,0.7318623071104022,0.2770678169895155
efficiency,rough_slope_trot_robustness,rough_slope,1.0,3,trotting,0.7287451306890164,0.24972402851371694
efficiency,rough_slope_trot_robustness,rough_slope,1.0,4,bounding,0.7071902371244506,0.12173663356646679
efficiency,rough_slope_trot_robustness,rough_slope,1.5,1,pacing,0.6462293941793699,0.37460570930906384
efficiency,rough_slope_trot_robustness,rough_slope,1.5,2,trotting,0.6364801863840382,0.2706700192470129
efficiency,rough_slope_trot_robustness,rough_slope,1.5,3,pronking,0.6343546165652308,0.25215604208593245
efficiency,rough_slope_trot_robustness,rough_slope,1.5,4,bounding,0.6073690201322149,0.10256822935799091
efficiency,rough_slope_trot_robustness,rough_slope,2.0,1,trotting,0.5321096259701465,0.5393940762062011
efficiency,rough_slope_trot_robustness,rough_slope,2.0,2,pacing,0.5185794037367617,0.34358654164563773
efficiency,rough_slope_trot_robustness,rough_slope,2.0,3,pronking,0.46640140959061677,0.060350700160209526
efficiency,rough_slope_trot_robustness,rough_slope,2.0,4,bounding,0.4645128844838058,0.056668681987951657
efficiency,stepping_stones_easy_bound_highspeed,stepping_stones_easy,1.7,1,pacing,0.5413605849399963,0.42249656697361027
efficiency,stepping_stones_easy_bound_highspeed,stepping_stones_easy,1.7,2,pronking,0.5218830076046288,0.22072746344264244
efficiency,stepping_stones_easy_bound_highspeed,stepping_stones_easy,1.7,3,bounding,0.5164089124716287,0.18391228015511055
efficiency,stepping_stones_easy_bound_highspeed,stepping_stones_easy,1.7,4,trotting,0.5145502461486363,0.17286368942863664
efficiency,stepping_stones_easy_bound_highspeed,stepping_stones_easy,2.0,1,pacing,0.51078926729055,0.6176898450005482
efficiency,stepping_stones_easy_bound_highspeed,stepping_stones_easy,2.0,2,trotting,0.47048769981068156,0.16119275419276624
efficiency,stepping_stones_easy_bound_highspeed,stepping_stones_easy,2.0,3,bounding,0.4653351789706254,0.13575478206847652
efficiency,stepping_stones_easy_bound_highspeed,stepping_stones_easy,2.0,4,pronking,0.45141692197233046,0.08536261873820904
robustness,flat_trot_efficiency,flat,0.5,1,pronking,0.7588706457972284,0.3452645094042244
robustness,flat_trot_efficiency,flat,0.5,2,trotting,0.7535637686013934,0.2892857374817547
robustness,flat_trot_efficiency,flat,0.5,3,pacing,0.7534306481086869,0.28800491930559746
robustness,flat_trot_efficiency,flat,0.5,4,bounding,0.7140282971133303,0.07744483380842344
robustness,flat_trot_efficiency,flat,1.0,1,pronking,0.7506324678538292,0.36748954071756396
robustness,flat_trot_efficiency,flat,1.0,2,trotting,0.7496080790169356,0.35515295756245996
robustness,flat_trot_efficiency,flat,1.0,3,pacing,0.7294358000522705,0.1812974883722825
robustness,flat_trot_efficiency,flat,1.0,4,bounding,0.7103808161810161,0.09606001334769353
robustness,flat_trot_efficiency,flat,1.5,1,trotting,0.7045211597247337,0.36379426469200127
robustness,flat_trot_efficiency,flat,1.5,2,pronking,0.7037182141065114,0.35418651291142333
robustness,flat_trot_efficiency,flat,1.5,3,pacing,0.6783197891663729,0.1518980363623925
robustness,flat_trot_efficiency,flat,1.5,4,bounding,0.6736774911907145,0.1301211860341829
robustness,flat_trot_efficiency,flat,2.0,1,trotting,0.6625365868695383,0.42205160597976055
robustness,flat_trot_efficiency,flat,2.0,2,pronking,0.6544399522547798,0.3222216861997451
robustness,flat_trot_efficiency,flat,2.0,3,pacing,0.629645536918708,0.14099991166893736
robustness,flat_trot_efficiency,flat,2.0,4,bounding,0.6234593674903963,0.11472679615155709
robustness,push_lateral_pace_recovery,push_lateral,1.2,1,trotting,0.7288708263720439,0.4015566473151886
robustness,push_lateral_pace_recovery,push_lateral,1.2,2,pronking,0.7207018868407098,0.3058364947487508
robustness,push_lateral_pace_recovery,push_lateral,1.2,3,pacing,0.699694772258522,0.15183789561226235
robustness,push_lateral_pace_recovery,push_lateral,1.2,4,bounding,0.6974239674343811,0.1407689623237983
robustness,push_lateral_pace_recovery,push_lateral,1.5,1,trotting,0.7110971561898061,0.40813956261487694
robustness,push_lateral_pace_recovery,push_lateral,1.5,2,pronking,0.7065729461307448,0.3510056004992957
robustness,push_lateral_pace_recovery,push_lateral,1.5,3,pacing,0.6826174890970796,0.1579513295455226
robustness,push_lateral_pace_recovery,push_lateral,1.5,4,bounding,0.6632792018353939,0.0829035073403048
robustness,push_lateral_pace_recovery,push_lateral,1.8,1,trotting,0.6793965126683073,0.3888193949732532
robustness,push_lateral_pace_recovery,push_lateral,1.8,2,pronking,0.6709557020264427,0.2934638904321789
robustness,push_lateral_pace_recovery,push_lateral,1.8,3,pacing,0.6594999398642438,0.20031594839911443
robustness,push_lateral_pace_recovery,push_lateral,1.8,4,bounding,0.6434708670145127,0.11740076619545349
robustness,ramp_up_trot_robustness,ramp_up,0.5,1,pronking,0.7805069792955144,0.3907894161696112
robustness,ramp_up_trot_robustness,ramp_up,0.5,2,pacing,0.7781015155246345,0.3606784032736578
robustness,ramp_up_trot_robustness,ramp_up,0.5,3,trotting,0.7608222904334951,0.20275787677414253
robustness,ramp_up_trot_robustness,ramp_up,0.5,4,bounding,0.7161736006023197,0.04577430378258845
robustness,ramp_up_trot_robustness,ramp_up,1.0,1,pronking,0.7450624314568391,0.3801149623531559
robustness,ramp_up_trot_robustness,ramp_up,1.0,2,pacing,0.7358286849912105,0.27941054581613867
robustness,ramp_up_trot_robustness,ramp_up,1.0,3,trotting,0.729175321182342,0.22383370706739714
robustness,ramp_up_trot_robustness,ramp_up,1.0,4,bounding,0.7096211891621351,0.11664078476330829
robustness,ramp_up_trot_robustness,ramp_up,1.5,1,pronking,0.7039243143385019,0.4272311755363961
robustness,ramp_up_trot_robustness,ramp_up,1.5,2,trotting,0.6892469883025663,0.26193098688534994
robustness,ramp_up_trot_robustness,ramp_up,1.5,3,pacing,0.6850867944095677,0.22801420518616058
robustness,ramp_up_trot_robustness,ramp_up,1.5,4,bounding,0.654705959576659,0.0828236323920935
robustness,ramp_up_trot_robustness,ramp_up,2.0,1,pronking,0.6364524466235463,0.4755000080322273
robustness,ramp_up_trot_robustness,ramp_up,2.0,2,trotting,0.623606460608118,0.3098744963527168
robustness,ramp_up_trot_robustness,ramp_up,2.0,3,pacing,0.6039063770899443,0.1606933538555342
robustness,ramp_up_trot_robustness,ramp_up,2.0,4,bounding,0.5711532383248572,0.053932141759521664
robustness,rough_slope_trot_robustness,rough_slope,0.5,1,trotting,0.754657906048545,0.3578448925105402
robustness,rough_slope_trot_robustness,rough_slope,0.5,2,pronking,0.7532600667176208,0.3415537249066273
robustness,rough_slope_trot_robustness,rough_slope,0.5,3,pacing,0.7431625631615155,0.2439398150259353
robustness,rough_slope_trot_robustness,rough_slope,0.5,4,bounding,0.6993678019086763,0.05666156755689721
robustness,rough_slope_trot_robustness,rough_slope,1.0,1,pronking,0.7195255637350605,0.35281498420676644
robustness,rough_slope_trot_robustness,rough_slope,1.0,2,trotting,0.7113364912811818,0.268533242284415
robustness,rough_slope_trot_robustness,rough_slope,1.0,3,pacing,0.7087635922177535,0.24646288435105124
robustness,rough_slope_trot_robustness,rough_slope,1.0,4,bounding,0.6900742062163062,0.13218888915776736
robustness,rough_slope_trot_robustness,rough_slope,1.5,1,pronking,0.6469599090637714,0.32929120004710755
robustness,rough_slope_trot_robustness,rough_slope,1.5,2,pacing,0.6446365062904552,0.3047512002126405
robustness,rough_slope_trot_robustness,rough_slope,1.5,3,trotting,0.6338650539699124,0.21282011875505086
robustness,rough_slope_trot_robustness,rough_slope,1.5,4,bounding,0.6239917176828635,0.15313748098520102
robustness,rough_slope_trot_robustness,rough_slope,2.0,1,trotting,0.5648198124112153,0.5119834430122591
robustness,rough_slope_trot_robustness,rough_slope,2.0,2,pacing,0.5523485004659591,0.33784320201169765
robustness,rough_slope_trot_robustness,rough_slope,2.0,3,bounding,0.5114527646967066,0.08643482797650599
robustness,rough_slope_trot_robustness,rough_slope,2.0,4,pronking,0.5023147197879427,0.0637385269995373
robustness,stepping_stones_easy_bound_highspeed,stepping_stones_easy,1.7,1,pronking,0.5543637140010431,0.3037843356086754
robustness,stepping_stones_easy_bound_highspeed,stepping_stones_easy,1.7,2,pacing,0.5514336197932319,0.2755166935431211
robustness,stepping_stones_easy_bound_highspeed,stepping_stones_easy,1.7,3,bounding,0.5472859795379444,0.2399411164715296
robustness,stepping_stones_easy_bound_highspeed,stepping_stones_easy,1.7,4,trotting,0.5387889226156521,0.18075785437667397
robustness,stepping_stones_easy_bound_highspeed,stepping_stones_easy,2.0,1,pacing,0.5407339869203364,0.48441398904889493
robustness,stepping_stones_easy_bound_highspeed,stepping_stones_easy,2.0,2,trotting,0.5164770426425508,0.21580496956542347
robustness,stepping_stones_easy_bound_highspeed,stepping_stones_easy,2.0,3,bounding,0.5152761012134028,0.2073366291480868
robustness,stepping_stones_easy_bound_highspeed,stepping_stones_easy,2.0,4,pronking,0.49104401566148775,0.0924444122375949
contact_safety,flat_trot_efficiency,flat,0.5,1,pacing,0.7901003234948103,0.7764052848629358
contact_safety,flat_trot_efficiency,flat,0.5,2,trotting,0.7266639572210037,0.09370289785305991
contact_safety,flat_trot_efficiency,flat,0.5,3,pronking,0.7177736211568118,0.06967102911557571
contact_safety,flat_trot_efficiency,flat,0.5,4,bounding,0.7134006120837652,0.06022078816842859
contact_safety,flat_trot_efficiency,flat,1.0,1,pacing,0.7468960220424029,0.514139932591444
contact_safety,flat_trot_efficiency,flat,1.0,2,trotting,0.7164842955768109,0.18656342380252744
contact_safety,flat_trot_efficiency,flat,1.0,3,pronking,0.7100686805752608,0.15064369638129463
contact_safety,flat_trot_efficiency,flat,1.0,4,bounding,0.7096695891939677,0.14865294722473396
contact_safety,flat_trot_efficiency,flat,1.5,1,pacing,0.6894302583657779,0.36923999487538917
contact_safety,flat_trot_efficiency,flat,1.5,2,trotting,0.6799069750194368,0.26880979481574335
contact_safety,flat_trot_efficiency,flat,1.5,3,pronking,0.6712640588673261,0.20152366969589877
contact_safety,flat_trot_efficiency,flat,1.5,4,bounding,0.6644219380158645,0.16042654061296857
contact_safety,flat_trot_efficiency,flat,2.0,1,pacing,0.6444651345794017,0.33952634618448496
contact_safety,flat_trot_efficiency,flat,2.0,2,trotting,0.6398360955027435,0.2909787511296411
contact_safety,flat_trot_efficiency,flat,2.0,3,pronking,0.6286947487638547,0.20071219568533863
contact_safety,flat_trot_efficiency,flat,2.0,4,bounding,0.6234969520798097,0.16878270700053527
contact_safety,push_lateral_pace_recovery,push_lateral,1.2,1,pacing,0.7110933445394039,0.3606665051743136
contact_safety,push_lateral_pace_recovery,push_lateral,1.2,2,trotting,0.7053889930821383,0.2982132022239274
contact_safety,push_lateral_pace_recovery,push_lateral,1.2,3,bounding,0.6891260382647698,0.17341892177156312
contact_safety,push_lateral_pace_recovery,push_lateral,1.2,4,pronking,0.6881202781429658,0.16770137083019587
contact_safety,push_lateral_pace_recovery,push_lateral,1.5,1,trotting,0.6879232769975295,0.3299905638319703
contact_safety,push_lateral_pace_recovery,push_lateral,1.5,2,pacing,0.6877364369539115,0.32794176869257863
contact_safety,push_lateral_pace_recovery,push_lateral,1.5,3,pronking,0.6764723451091693,0.2252850141175888
contact_safety,push_lateral_pace_recovery,push_lateral,1.5,4,bounding,0.6567607915172211,0.11678265335786236
contact_safety,push_lateral_pace_recovery,push_lateral,1.8,1,trotting,0.656245506268281,0.3159249879409432
contact_safety,push_lateral_pace_recovery,push_lateral,1.8,2,pacing,0.655546106856603,0.3086449205614633
contact_safety,push_lateral_pace_recovery,push_lateral,1.8,3,pronking,0.6419931557889167,0.19645363635409516
contact_safety,push_lateral_pace_recovery,push_lateral,1.8,4,bounding,0.6391979899543982,0.1789764551434984
contact_safety,ramp_up_trot_robustness,ramp_up,0.5,1,pacing,0.8243748574589307,0.7623168927745728
contact_safety,ramp_up_trot_robustness,ramp_up,0.5,2,trotting,0.7626956120419961,0.0975521875559056
contact_safety,ramp_up_trot_robustness,ramp_up,0.5,3,pronking,0.7607855919175424,0.09153488480361888
contact_safety,ramp_up_trot_robustness,ramp_up,0.5,4,bounding,0.7417902455020411,0.04859603486590261
contact_safety,ramp_up_trot_robustness,ramp_up,1.0,1,pacing,0.7632869890676095,0.4508243518260232
contact_safety,ramp_up_trot_robustness,ramp_up,1.0,2,trotting,0.740032261208846,0.20766375404374385
contact_safety,ramp_up_trot_robustness,ramp_up,1.0,3,pronking,0.740004320614613,0.20747043579187674
contact_safety,ramp_up_trot_robustness,ramp_up,1.0,4,bounding,0.7268991293528905,0.13404145833835623
contact_safety,ramp_up_trot_robustness,ramp_up,1.5,1,pacing,0.7236597210168838,0.46209836226472756
contact_safety,ramp_up_trot_robustness,ramp_up,1.5,2,trotting,0.7057737066768683,0.2545703687366613
contact_safety,ramp_up_trot_robustness,ramp_up,1.5,3,pronking,0.695586167734403,0.181270912128403
contact_safety,ramp_up_trot_robustness,ramp_up,1.5,4,bounding,0.6783533189732295,0.10206035687020819
contact_safety,ramp_up_trot_robustness,ramp_up,2.0,1,pronking,0.6413051541034993,0.31212054314194176
contact_safety,ramp_up_trot_robustness,ramp_up,2.0,2,pacing,0.6403297254672418,0.3021353759115406
contact_safety,ramp_up_trot_robustness,ramp_up,2.0,3,trotting,0.6387813395032518,0.28693689572928005
contact_safety,ramp_up_trot_robustness,ramp_up,2.0,4,bounding,0.6067985798303898,0.09880718521723754
contact_safety,rough_slope_trot_robustness,rough_slope,0.5,1,pacing,0.7885283306527596,0.5495262071378048
contact_safety,rough_slope_trot_robustness,rough_slope,0.5,2,trotting,0.7613661894718041,0.2222164172240805
contact_safety,rough_slope_trot_robustness,rough_slope,0.5,3,pronking,0.748526160676892,0.14484305827749555
contact_safety,rough_slope_trot_robustness,rough_slope,0.5,4,bounding,0.7319712356592601,0.08341431736061924
contact_safety,rough_slope_trot_robustness,rough_slope,1.0,1,pacing,0.7470383386772412,0.4457298169911445
contact_safety,rough_slope_trot_robustness,rough_slope,1.0,2,trotting,0.7264432945503638,0.22435093635734157
contact_safety,rough_slope_trot_robustness,rough_slope,1.0,3,bounding,0.72009706434149,0.18157531005845612
contact_safety,rough_slope_trot_robustness,rough_slope,1.0,4,pronking,0.7140329535763997,0.14834393659305775
contact_safety,rough_slope_trot_robustness,rough_slope,1.5,1,pacing,0.6761240366559762,0.4098316339835715
contact_safety,rough_slope_trot_robustness,rough_slope,1.5,2,pronking,0.6613779744849755,0.25068847199457966
contact_safety,rough_slope_trot_robustness,rough_slope,1.5,3,trotting,0.6535510286115683,0.1931202061960713
contact_safety,rough_slope_trot_robustness,rough_slope,1.5,4,bounding,0.6452336600766733,0.14635968782577757
contact_safety,rough_slope_trot_robustness,rough_slope,2.0,1,pacing,0.5914125135598275,0.46657904049098253
contact_safety,rough_slope_trot_robustness,rough_slope,2.0,2,trotting,0.5780285868220605,0.29865723592634374
contact_safety,rough_slope_trot_robustness,rough_slope,2.0,3,bounding,0.5594978708773851,0.16103246911603003
contact_safety,rough_slope_trot_robustness,rough_slope,2.0,4,pronking,0.5360624939776385,0.07373125446664379
contact_safety,stepping_stones_easy_bound_highspeed,stepping_stones_easy,1.7,1,pacing,0.5784644915256649,0.3556331214343221
contact_safety,stepping_stones_easy_bound_highspeed,stepping_stones_easy,1.7,2,bounding,0.5743293921534831,0.30984215672554494
contact_safety,stepping_stones_easy_bound_highspeed,stepping_stones_easy,1.7,3,pronking,0.5558345497800754,0.16726313819843514
contact_safety,stepping_stones_easy_bound_highspeed,stepping_stones_easy,1.7,4,trotting,0.5558342709564246,0.16726158364169785
contact_safety,stepping_stones_easy_bound_highspeed,stepping_stones_easy,2.0,1,pacing,0.5767359332862095,0.5615228332136405
contact_safety,stepping_stones_easy_bound_highspeed,stepping_stones_easy,2.0,2,bounding,0.5498870969678348,0.2294513965679511
contact_safety,stepping_stones_easy_bound_highspeed,stepping_stones_easy,2.0,3,trotting,0.5366856842230147,0.14776809747382713
contact_safety,stepping_stones_easy_bound_highspeed,stepping_stones_easy,2.0,4,pronking,0.5102690334718388,0.06125767274458125
