candidate,task_id,condition,cmd_vx,gait,gait_id,balanced_score,neutral_score,weighted_metric_reward_mean,vx_abs_error_mean,fall_rate,lateral_offset_abs_mean,scuffing_ratio_mean,foot_impact_vel_sum_mean,transport_cost_proxy,actual_frequency_mean,actual_duration_mean,actual_footswing_height_mean,actual_stance_width_mean,actual_body_pitch_mean,efficiency_score,robustness_score,contact_safety_score
balanced,flat_trot_efficiency,flat,0.5,pronking,0.0,0.7568854727189649,0.8955196213225524,0.8625768423080444,0.05423619598150253,0.009000000543892384,1.295474886894226,0.1380000114440918,0.7984240055084229,245.46789435664044,3.000000238418579,0.5,0.08000031858682632,0.33000147342681885,0.0,,,
balanced,flat_trot_efficiency,flat,0.5,trotting,1.0,0.7531922757964243,0.8942034157613913,0.7780874371528625,0.06527968496084213,0.006000000052154064,1.6661655902862549,0.15841665863990784,0.4852987229824066,220.47808092925342,3.000000238418579,0.5,0.1095791608095169,0.33000147342681885,0.03943850100040436,,,
balanced,flat_trot_efficiency,flat,0.5,bounding,2.0,0.7288657429204747,0.8194695444405079,0.8596502542495728,0.1132347583770752,0.004999999888241291,1.6138672828674316,0.15174999833106995,0.7734166383743286,273.13288014912723,3.000000238418579,0.5,0.11999969929456711,0.3800007998943329,0.0,,,
balanced,flat_trot_efficiency,flat,0.5,pacing,3.0,0.7799751062623479,0.8705127315223217,0.7565011978149414,0.0570092536509037,0.010000000707805157,1.507596731185913,0.07050000131130219,0.1513606756925583,188.00748040219793,2.5,0.5,0.11999969929456711,0.3800007998943329,-0.03939542919397354,,,
balanced,flat_trot_efficiency,flat,1.0,pronking,0.0,0.7499054958874528,0.8757946731646856,0.845299482345581,0.14050352573394775,0.017000000923871994,1.2840304374694824,0.13708333671092987,0.6514879465103149,181.93278962575167,3.000000238418579,0.5,0.08000031858682632,0.33000147342681885,0.0,,,
balanced,flat_trot_efficiency,flat,1.0,trotting,1.0,0.7491427177055315,0.8677630216876665,0.8919445276260376,0.12926310300827026,0.018000001087784767,1.0688319206237793,0.1615000069141388,0.6129928231239319,145.21879293661158,3.000000238418579,0.5,0.08000031858682632,0.33000147342681885,0.0,,,
balanced,flat_trot_efficiency,flat,1.0,bounding,2.0,0.7222917940128933,0.8060942254463831,0.8377066850662231,0.16711080074310303,0.013000000268220901,1.6544439792633057,0.15658335387706757,0.6186990737915039,189.67484678898063,3.000000238418579,0.5,0.11999969929456711,0.3800007998943329,0.0,,,
balanced,flat_trot_efficiency,flat,1.0,pacing,3.0,0.7468750276348808,0.8370645376046499,0.8273964524269104,0.1323697715997696,0.015000000596046448,1.4519160985946655,0.11200001090765,0.4790070652961731,157.5882752489567,2.5,0.5,0.11999969929456711,0.3800007998943329,0.0,,,
balanced,flat_trot_efficiency,flat,1.5,pronking,0.0,0.6913120899010788,0.8119708868861198,0.7135385274887085,0.2348552942276001,0.020000001415610313,1.2943097352981567,0.1469166874885559,0.763770580291748,178.19652862381113,3.000000238418579,0.5,0.10887527465820312,0.36849966645240784,0.0,,,
balanced,flat_trot_efficiency,flat,1.5,trotting,1.0,0.7006026047874582,0.8274946795900662,0.7460876703262329,0.20033486187458038,0.02200000174343586,1.3916726112365723,0.15116667747497559,0.7567058801651001,170.19010607925756,3.000000238418579,0.5,0.1088302731513977,0.29155999422073364,0.0,,,
balanced,flat_trot_efficiency,flat,1.5,bounding,2.0,0.6697592497549274,0.7425870622197787,0.8189494013786316,0.2597246766090393,0.020000001415610313,1.3660399913787842,0.14366668462753296,0.9347209334373474,197.85185960393588,3.000000238418579,0.5,0.11999969929456711,0.3800007998943329,0.0,,,
balanced,flat_trot_efficiency,flat,1.5,pacing,3.0,0.6848646703091535,0.7649500385920207,0.7287790775299072,0.2575615644454956,0.01900000125169754,1.4465093612670898,0.1250000149011612,0.4242587685585022,167.38240491658226,2.5,0.5,0.11999969929456711,0.3800007998943329,0.03834594413638115,,,
balanced,flat_trot_efficiency,flat,2.0,pronking,0.0,0.6202211636033925,0.6791825570662817,0.7207362651824951,0.48427969217300415,0.02800000086426735,1.2782647609710693,0.15141668915748596,0.7731404304504395,198.52848233676076,3.000000238418579,0.5,0.10865024477243423,0.33000147342681885,0.0,,,
balanced,flat_trot_efficiency,flat,2.0,trotting,1.0,0.6435705955732952,0.7434543317556381,0.7050940990447998,0.34368962049484253,0.02500000223517418,1.4564552307128906,0.14908334612846375,0.9081380367279053,184.19945806049162,3.3803353309631348,0.5,0.1085248738527298,0.29196697473526,0.0,,,
balanced,flat_trot_efficiency,flat,2.0,bounding,2.0,0.6024870249358091,0.6258291272322337,0.7809913754463196,0.4398883581161499,0.026000000536441803,1.2883448600769043,0.11691665649414062,1.0197184085845947,211.49445082172713,3.000000238418579,0.5,0.11999969929456711,0.3800007998943329,0.0,,,
balanced,flat_trot_efficiency,flat,2.0,pacing,3.0,0.6183579662306742,0.6678215453028679,0.7064471244812012,0.411167711019516,0.027000000700354576,1.262726068496704,0.11049997806549072,0.619438111782074,182.66835376102435,2.5,0.5,0.11999969929456711,0.341919481754303,0.0,,,
balanced,ramp_up_trot_robustness,ramp_up,0.5,pronking,0.0,0.7872158157215877,0.8864715051096983,0.911828875541687,0.07003110647201538,0.007000000216066837,1.5791616439819336,0.04383333772420883,0.8451954126358032,256.4618538549326,3.000000238418579,0.5,0.08000031858682632,0.33000147342681885,0.0,,,
balanced,ramp_up_trot_robustness,ramp_up,0.5,trotting,1.0,0.7742757706818256,0.8676765746890734,0.8821169137954712,0.07587209343910217,0.00800000037997961,1.7992093563079834,0.06166667491197586,0.6063294410705566,196.3830416278062,3.000000238418579,0.5,0.08000031858682632,0.33000147342681885,0.0,,,
balanced,ramp_up_trot_robustness,ramp_up,0.5,bounding,2.0,0.7373532340269197,0.7746573077658049,0.8323028087615967,0.12084116786718369,0.00800000037997961,1.8624171018600464,0.05366666987538338,0.6749293804168701,324.8911624977821,3.000000238418579,0.5,0.11999969929456711,0.3800007998943329,0.0,,,
balanced,ramp_up_trot_robustness,ramp_up,0.5,pacing,3.0,0.8037055309861898,0.8697455879300833,0.7662000060081482,0.09333004057407379,0.00800000037997961,1.2258853912353516,0.015166668221354485,0.1758265197277069,222.96606709062146,2.5,0.5,0.11999969929456711,0.3800007998943329,0.0,,,
balanced,ramp_up_trot_robustness,ramp_up,1.0,pronking,0.0,0.7482999702068892,0.8311811759112737,0.8085775375366211,0.1429179608821869,0.01600000075995922,1.3362061977386475,0.0507500022649765,0.72980135679245,212.1630234453043,3.000000238418579,0.5,0.10914881527423859,0.33000147342681885,0.0,,,
balanced,ramp_up_trot_robustness,ramp_up,1.0,trotting,1.0,0.7415095519613136,0.8447243404120971,0.7203695178031921,0.12896032631397247,0.012000000104308128,1.7878146171569824,0.04516667127609253,0.6075886487960815,164.0343340384335,2.610191822052002,0.5,0.10923531651496887,0.3689795732498169,0.038980066776275635,,,
balanced,ramp_up_trot_robustness,ramp_up,1.0,bounding,2.0,0.7240301343189045,0.753236127157624,0.8328875303268433,0.17675049602985382,0.009000000543892384,1.429088830947876,0.0507500022649765,0.7646442651748657,208.10546451938268,3.000000238418579,0.5,0.11999969929456711,0.3800007998943329,0.0,,,
balanced,ramp_up_trot_robustness,ramp_up,1.0,pacing,3.0,0.7577179885046049,0.8117809674869745,0.8262399435043335,0.14956294000148773,0.01600000075995922,1.5207295417785645,0.04058333858847618,0.46989601850509644,174.45056269260238,2.5,0.5,0.11999969929456711,0.3800007998943329,0.0,,,
balanced,ramp_up_trot_robustness,ramp_up,1.5,pronking,0.0,0.7034943423487924,0.771746365687786,0.8588616847991943,0.2443763017654419,0.02199999988079071,1.582655668258667,0.053833335638046265,0.8549742698669434,181.8362819497252,3.000000238418579,0.5,0.08000031858682632,0.33000147342681885,0.0,,,
balanced,ramp_up_trot_robustness,ramp_up,1.5,trotting,1.0,0.6945705639367753,0.755635052632827,0.7309337854385376,0.2613718509674072,0.020000001415610313,1.4930442571640015,0.0416666716337204,0.7527064085006714,179.3163737428299,3.000000238418579,0.5,0.10892097651958466,0.2914389669895172,0.0,,,
balanced,ramp_up_trot_robustness,ramp_up,1.5,bounding,2.0,0.6572185489941728,0.652699002948327,0.8036893606185913,0.3255816698074341,0.020000001415610313,1.4099854230880737,0.0468333400785923,0.9020181894302368,211.48958803461852,3.000000238418579,0.5,0.11999969929456711,0.3800007998943329,0.0,,,
balanced,ramp_up_trot_robustness,ramp_up,1.5,pacing,3.0,0.6955809433351864,0.7310188007660402,0.7275857925415039,0.28767532110214233,0.02199999988079071,1.375932216644287,0.027416665107011795,0.44612208008766174,170.2244833115905,2.5,0.5,0.11999969929456711,0.3800007998943329,0.03835473954677582,,,
balanced,ramp_up_trot_robustness,ramp_up,2.0,pronking,0.0,0.6192851957949725,0.6547580731984897,0.7125623226165771,0.42137789726257324,0.023000001907348633,1.5044615268707275,0.055750004947185516,0.9265031814575195,198.4910500329741,3.000000238418579,0.5,0.1086045503616333,0.33000147342681885,0.03813906013965607,,,
balanced,ramp_up_trot_robustness,ramp_up,2.0,trotting,1.0,0.6117639740759677,0.6341952007168379,0.6918110251426697,0.4355257749557495,0.024000000208616257,1.2970056533813477,0.04616667330265045,0.8019312620162964,183.90462702279868,3.000000238418579,0.5,0.10865059494972229,0.2917993664741516,0.03820048272609711,,,
balanced,ramp_up_trot_robustness,ramp_up,2.0,bounding,2.0,0.5566591733558611,0.5136240089359957,0.6933344006538391,0.5284727811813354,0.029000001028180122,1.3923779726028442,0.03149999678134918,0.9499759078025818,222.31979132093628,3.000000238418579,0.5,0.11999969929456711,0.3800007998943329,0.0,,,
balanced,ramp_up_trot_robustness,ramp_up,2.0,pacing,3.0,0.5949621821669016,0.5578839199092144,0.7748695611953735,0.5084867477416992,0.027000000700354576,1.1763584613800049,0.03191666305065155,0.8538232445716858,199.74607036962186,2.5,0.5,0.11999969929456711,0.3800007998943329,0.0,,,
balanced,rough_slope_trot_robustness,rough_slope,0.5,pronking,0.0,0.764271472834728,0.8113576531116117,0.8695508241653442,0.09144388139247894,0.010000000707805157,1.1248046159744263,0.055500008165836334,0.6735137701034546,249.01919584424695,3.000000238418579,0.5,0.08000031858682632,0.33000147342681885,0.0,,,
balanced,rough_slope_trot_robustness,rough_slope,0.5,trotting,1.0,0.7653747764839367,0.8217796840655962,0.735387921333313,0.09234130382537842,0.006000000052154064,1.1480374336242676,0.061000000685453415,0.5654250383377075,224.74360297729717,3.000000238418579,0.5,0.10950535535812378,0.29066002368927,0.03934009373188019,,,
balanced,rough_slope_trot_robustness,rough_slope,0.5,bounding,2.0,0.726843315329064,0.7183318055283866,0.7832212448120117,0.132103830575943,0.004999999888241291,1.628171443939209,0.0650833323597908,0.6632598638534546,265.5937988734881,3.000000238418579,0.5,0.11999969929456711,0.3800007998943329,0.0,,,
balanced,rough_slope_trot_robustness,rough_slope,0.5,pacing,3.0,0.7718490824442018,0.7914656732525481,0.6828205585479736,0.09759210795164108,0.00800000037997961,1.7728726863861084,0.02383333630859852,0.27557235956192017,200.62240656425897,2.5,0.5,0.11999969929456711,0.3404781222343445,0.039520133286714554,,,
balanced,rough_slope_trot_robustness,rough_slope,1.0,pronking,0.0,0.7262174945663322,0.7571030828709666,0.8336703777313232,0.18610310554504395,0.01600000075995922,1.4090445041656494,0.060416676104068756,0.673465371131897,180.61074317429734,3.000000238418579,0.5,0.08000031858682632,0.33000147342681885,0.0,,,
balanced,rough_slope_trot_robustness,rough_slope,1.0,trotting,1.0,0.7224576332352378,0.748143984298957,0.7463525533676147,0.18155357241630554,0.015000000596046448,1.6435303688049316,0.06025001406669617,0.726618766784668,175.3220818501399,3.000000238418579,0.5,0.10923531651496887,0.33000147342681885,0.0,,,
balanced,rough_slope_trot_robustness,rough_slope,1.0,bounding,2.0,0.7088253552940759,0.6882407121164235,0.7805525064468384,0.2052783966064453,0.01600000075995922,1.4569556713104248,0.049416668713092804,0.730717122554779,193.2301830244859,3.000000238418579,0.5,0.11999969929456711,0.3800007998943329,0.0,,,
balanced,rough_slope_trot_robustness,rough_slope,1.0,pacing,3.0,0.7328512662513689,0.7124401416237417,0.7699189186096191,0.2032274305820465,0.018000001087784767,1.3066754341125488,0.039750002324581146,0.45735278725624084,163.82576055735564,2.5,0.5,0.11999969929456711,0.3800007998943329,0.0,,,
balanced,rough_slope_trot_robustness,rough_slope,1.5,pronking,0.0,0.6479142709889195,0.6695974187827425,0.674544095993042,0.3129880130290985,0.020000001415610313,1.5390782356262207,0.07308334112167358,0.7222212553024292,173.78946772203176,3.3856613636016846,0.5,0.10892416536808014,0.291434645652771,0.03856521099805832,,,
balanced,rough_slope_trot_robustness,rough_slope,1.5,trotting,1.0,0.640917170657353,0.6378920624326718,0.7151079773902893,0.3152379095554352,0.01600000075995922,1.4802227020263672,0.06941667199134827,0.6723300218582153,178.45943726094774,3.000000238418579,0.5,0.10892610251903534,0.33000147342681885,0.0,,,
balanced,rough_slope_trot_robustness,rough_slope,1.5,bounding,2.0,0.6262262254276059,0.6338150315967046,0.6465892791748047,0.30118733644485474,0.018000001087784767,1.3923208713531494,0.056916676461696625,0.917202889919281,202.10732324913067,3.385608196258545,0.5,0.11999969929456711,0.34143930673599243,0.03855997323989868,,,
balanced,rough_slope_trot_robustness,rough_slope,1.5,pacing,3.0,0.6543628684499047,0.651824773926484,0.6839420199394226,0.2934357523918152,0.02199999988079071,1.336469292640686,0.05825001001358032,0.742415189743042,179.26756528382788,2.885223388671875,0.5,0.11999969929456711,0.3800007998943329,0.0,,,
balanced,rough_slope_trot_robustness,rough_slope,2.0,pronking,0.0,0.4843623099001971,0.44140328760994113,0.6440813541412354,0.6487529873847961,0.024000000208616257,1.292582631111145,0.07316666841506958,0.8078972101211548,214.20667431055674,3.000000238418579,0.5,0.08000031858682632,0.36827293038368225,-0.03827318549156189,,,
balanced,rough_slope_trot_robustness,rough_slope,2.0,trotting,1.0,0.5527318146418442,0.5427543025855954,0.6471853256225586,0.4927152693271637,0.024000000208616257,1.352320909500122,0.07225000858306885,0.7080833315849304,189.16352024220882,2.6179909706115723,0.5,0.10865052044391632,0.33000147342681885,0.03820038586854935,,,
balanced,rough_slope_trot_robustness,rough_slope,2.0,bounding,2.0,0.49774283231659366,0.4236511816515735,0.6034449338912964,0.6405308246612549,0.017000000923871994,1.6571104526519775,0.0638333410024643,0.8234362602233887,243.28428453361744,3.000000238418579,0.5,0.11999969929456711,0.3800007998943329,-0.038320038467645645,,,
balanced,rough_slope_trot_robustness,rough_slope,2.0,pacing,3.0,0.5407170427116481,0.5109000721652257,0.6190460920333862,0.5407586097717285,0.023000001907348633,1.3659923076629639,0.07008333504199982,0.7391144037246704,211.7518791866663,2.5,0.5,0.11999969929456711,0.34183377027511597,0.0,,,
balanced,push_lateral_pace_recovery,push_lateral,1.2,pronking,0.0,0.7148245604200797,0.706342037862692,0.8591402173042297,0.20435775816440582,0.013000000268220901,1.334833025932312,0.1394166648387909,0.7816007137298584,173.60987884067106,3.000000238418579,0.5,0.08000031858682632,0.33000147342681885,0.0,,,
balanced,push_lateral_pace_recovery,push_lateral,1.2,trotting,1.0,0.7308314521881667,0.7010252476693728,0.8585798740386963,0.16914016008377075,0.01600000075995922,1.3474876880645752,0.16500002145767212,0.6529302000999451,147.88206300331754,3.000000238418579,0.5,0.08000031858682632,0.33000147342681885,0.0,,,
balanced,push_lateral_pace_recovery,push_lateral,1.2,bounding,2.0,0.7038122582842004,0.6646921966129389,0.8277801275253296,0.1871504932641983,0.018000001087784767,1.5982593297958374,0.1471666693687439,0.781182587146759,193.17947305513917,3.000000238418579,0.5,0.11999969929456711,0.3800007998943329,0.0,,,
balanced,push_lateral_pace_recovery,push_lateral,1.2,pacing,3.0,0.7093530247834596,0.6628799022963414,0.6856595277786255,0.19034820795059204,0.02200000174343586,1.5795972347259521,0.08691667020320892,0.47979143261909485,145.14674453360152,2.5,0.5,0.11999969929456711,0.3413430452346802,0.038656048476696014,,,
balanced,push_lateral_pace_recovery,push_lateral,1.5,pronking,0.0,0.6957779834216291,0.6829312701637928,0.7628713846206665,0.2476443350315094,0.021000001579523087,1.6348233222961426,0.1509166657924652,0.8161063194274902,178.9330962975068,3.000000238418579,0.5,0.10895439237356186,0.33000147342681885,0.0,,,
balanced,push_lateral_pace_recovery,push_lateral,1.5,trotting,1.0,0.7074962747367946,0.6853646683769348,0.7780429124832153,0.20182809233665466,0.017000000923871994,1.2660967111587524,0.1456666737794876,0.71725994348526,156.77590453336978,3.000000238418579,0.5,0.10887175053358078,0.33000147342681885,0.0,,,
balanced,push_lateral_pace_recovery,push_lateral,1.5,bounding,2.0,0.6604421592571519,0.6126482232640952,0.8106299638748169,0.28169846534729004,0.021000001579523087,1.4925240278244019,0.14108332991600037,0.8258468508720398,200.96845809035838,3.000000238418579,0.5,0.11999969929456711,0.3800007998943329,0.0,,,
balanced,push_lateral_pace_recovery,push_lateral,1.5,pacing,3.0,0.6863782619888131,0.634971799949805,0.7305664420127869,0.24794967472553253,0.023000001907348633,1.413020133972168,0.09916667640209198,0.5198724269866943,157.33237024738827,2.5,0.5,0.11999969929456711,0.3415565490722656,0.0,,,
balanced,push_lateral_pace_recovery,push_lateral,1.8,pronking,0.0,0.6480082111602481,0.6389284620109277,0.8319295644760132,0.38369250297546387,0.020000001415610313,1.4090867042541504,0.15408334136009216,0.8576172590255737,180.03647669493196,3.000000238418579,0.5,0.08000031858682632,0.33000147342681885,0.0,,,
balanced,push_lateral_pace_recovery,push_lateral,1.8,trotting,1.0,0.6680620679801161,0.6324254272457881,0.8286489248275757,0.3151594400405884,0.021000001579523087,1.4025923013687134,0.16558334231376648,0.7044980525970459,162.52391248824085,3.000000238418579,0.5,0.08000031858682632,0.33000147342681885,0.0,,,
balanced,push_lateral_pace_recovery,push_lateral,1.8,bounding,2.0,0.6288874409415506,0.5995744585226743,0.8060801029205322,0.37916988134384155,0.023000001907348633,1.3733267784118652,0.1508333384990692,0.9086778163909912,206.03206327818543,3.000000238418579,0.5,0.11999969929456711,0.3800007998943329,0.0,,,
balanced,push_lateral_pace_recovery,push_lateral,1.8,pacing,3.0,0.6524374417283318,0.5959292398049281,0.8023867011070251,0.3432987332344055,0.026000000536441803,1.1026420593261719,0.1210833340883255,0.7525079250335693,184.1856521082546,2.5,0.5,0.11999969929456711,0.3800007998943329,0.0,,,
balanced,stepping_stones_easy_bound_highspeed,stepping_stones_easy,1.7,pronking,0.0,0.5396503833207217,0.5928167304710338,0.6840771436691284,0.4700624346733093,0.01900000125169754,1.6076295375823975,0.11741665005683899,0.9486640691757202,223.38181826903198,3.3856091499328613,0.5,0.10892024636268616,0.36855971813201904,0.0,,,
balanced,stepping_stones_easy_bound_highspeed,stepping_stones_easy,1.7,trotting,1.0,0.5275968098504977,0.5818771812084473,0.6754257082939148,0.5167350769042969,0.021000001579523087,1.3088748455047607,0.11416667699813843,0.6401781439781189,222.9273155971526,2.6149916648864746,0.5,0.10887537896633148,0.29149970412254333,0.0,,,
balanced,stepping_stones_easy_bound_highspeed,stepping_stones_easy,1.7,bounding,2.0,0.5364547505974769,0.5786671499280555,0.6601966023445129,0.4926588833332062,0.021000001579523087,1.577707052230835,0.10991665720939636,0.6909087896347046,238.86168658099157,2.6145195960998535,0.5,0.11999969929456711,0.3414517939090729,0.03854742646217346,,,
balanced,stepping_stones_easy_bound_highspeed,stepping_stones_easy,1.7,pacing,3.0,0.5501168914054605,0.5749960368205057,0.8109382390975952,0.48170965909957886,0.018000001087784767,1.6949282884597778,0.11516664922237396,0.7115359902381897,229.96897806342878,2.5,0.5,0.11999969929456711,0.3800007998943329,0.0,,,
balanced,stepping_stones_easy_bound_highspeed,stepping_stones_easy,2.0,pronking,0.0,0.46913391119715847,0.5047985609424742,0.6658680438995361,0.6943836212158203,0.01900000125169754,1.5168423652648926,0.12283334136009216,0.9081805348396301,240.98707434771293,3.000000238418579,0.5,0.10891816020011902,0.33000147342681885,-0.038557227700948715,,,
balanced,stepping_stones_easy_bound_highspeed,stepping_stones_easy,2.0,trotting,1.0,0.4945699107240547,0.5370818644173835,0.676105260848999,0.6875001192092896,0.020000001415610313,1.3195879459381104,0.11316666752099991,0.6461361646652222,228.84288790649245,2.6150221824645996,0.5,0.10887317359447479,0.33000147342681885,0.0,,,
balanced,stepping_stones_easy_bound_highspeed,stepping_stones_easy,2.0,bounding,2.0,0.4949518704956228,0.5187366121497594,0.7127339839935303,0.6856209635734558,0.018000001087784767,1.2381176948547363,0.10349999368190765,0.7327448129653931,260.0446277269294,2.6150104999542236,0.5,0.11999969929456711,0.3800007998943329,0.0,,,
balanced,stepping_stones_easy_bound_highspeed,stepping_stones_easy,2.0,pacing,3.0,0.529519666113298,0.5655769932230836,0.7156381607055664,0.5874982476234436,0.02500000037252903,1.7701060771942139,0.10174998641014099,0.5690653920173645,211.34558338516047,2.5,0.5,0.11999969929456711,0.3800007998943329,0.0384400375187397,,,
efficiency,flat_trot_efficiency,flat,0.5,pronking,0.0,,0.8955196213225524,0.8625768423080444,0.05423619598150253,0.009000000543892384,1.295474886894226,0.1380000114440918,0.7984240055084229,245.46789435664044,3.000000238418579,0.5,0.08000031858682632,0.33000147342681885,0.0,0.769379229792061,,
efficiency,flat_trot_efficiency,flat,0.5,trotting,1.0,,0.8907450898985069,0.9007712602615356,0.06483840942382812,0.010000000707805157,1.6369224786758423,0.19875001907348633,0.6126515865325928,161.61933726578093,3.000000238418579,0.5,0.08000031858682632,0.33000147342681885,0.0,0.7758809580451012,,
efficiency,flat_trot_efficiency,flat,0.5,bounding,2.0,,0.8194695444405079,0.8596502542495728,0.1132347583770752,0.004999999888241291,1.6138672828674316,0.15174999833106995,0.7734166383743286,273.13288014912723,3.000000238418579,0.5,0.11999969929456711,0.3800007998943329,0.0,0.7472397064141532,,
efficiency,flat_trot_efficiency,flat,0.5,pacing,3.0,,0.8705127315223217,0.7565011978149414,0.0570092536509037,0.010000000707805157,1.507596731185913,0.07050000131130219,0.1513606756925583,188.00748040219793,2.5,0.5,0.11999969929456711,0.3800007998943329,-0.03939542919397354,0.7950633622822352,,
efficiency,flat_trot_efficiency,flat,1.0,pronking,0.0,,0.8757946731646856,0.845299482345581,0.14050352573394775,0.017000000923871994,1.2840304374694824,0.13708333671092987,0.6514879465103149,181.93278962575167,3.000000238418579,0.5,0.08000031858682632,0.33000147342681885,0.0,0.7610491704129216,,
efficiency,flat_trot_efficiency,flat,1.0,trotting,1.0,,0.8677630216876665,0.8919445276260376,0.12926310300827026,0.018000001087784767,1.0688319206237793,0.1615000069141388,0.6129928231239319,145.21879293661158,3.000000238418579,0.5,0.08000031858682632,0.33000147342681885,0.0,0.7669579559172105,,
efficiency,flat_trot_efficiency,flat,1.0,bounding,2.0,,0.8060942254463831,0.8377066850662231,0.16711080074310303,0.013000000268220901,1.6544439792633057,0.15658335387706757,0.6186990737915039,189.67484678898063,3.000000238418579,0.5,0.11999969929456711,0.3800007998943329,0.0,0.7360179681397442,,
efficiency,flat_trot_efficiency,flat,1.0,pacing,3.0,,0.8370645376046499,0.8273964524269104,0.1323697715997696,0.015000000596046448,1.4519160985946655,0.11200001090765,0.4790070652961731,157.5882752489567,2.5,0.5,0.11999969929456711,0.3800007998943329,0.0,0.7602855372907861,,
efficiency,flat_trot_efficiency,flat,1.5,pronking,0.0,,0.7950300493836403,0.8157912492752075,0.2630569636821747,0.018000001087784767,1.5575370788574219,0.16191667318344116,0.8484489917755127,172.7094289581249,3.000000238418579,0.5,0.08000031858682632,0.33000147342681885,0.0,0.686019689593065,,
efficiency,flat_trot_efficiency,flat,1.5,trotting,1.0,,0.8180914997061094,0.7799035310745239,0.20994633436203003,0.018000001087784767,1.5167373418807983,0.171833336353302,0.5761744976043701,151.9839222109038,3.000000238418579,0.5,0.08000031858682632,0.33000147342681885,0.03844466805458069,0.7067602074073096,,
efficiency,flat_trot_efficiency,flat,1.5,bounding,2.0,,0.7425870622197787,0.8189494013786316,0.2597246766090393,0.020000001415610313,1.3660399913787842,0.14366668462753296,0.9347209334373474,197.85185960393588,3.000000238418579,0.5,0.11999969929456711,0.3800007998943329,0.0,0.6628765941963399,,
efficiency,flat_trot_efficiency,flat,1.5,pacing,3.0,,0.7649500385920207,0.7287790775299072,0.2575615644454956,0.01900000125169754,1.4465093612670898,0.1250000149011612,0.4242587685585022,167.38240491658226,2.5,0.5,0.11999969929456711,0.3800007998943329,0.03834594413638115,0.6885461863795562,,
efficiency,flat_trot_efficiency,flat,2.0,pronking,0.0,,0.6878933761517206,0.7955551147460938,0.46519410610198975,0.021000001579523087,1.3687405586242676,0.16558334231376648,0.8684507608413696,191.03457790904213,3.000000238418579,0.5,0.08000031858682632,0.33000147342681885,0.0,0.6038355103893472,,
efficiency,flat_trot_efficiency,flat,2.0,trotting,1.0,,0.7131436218818029,0.8331161737442017,0.39543959498405457,0.02800000086426735,1.2901368141174316,0.17416667938232422,0.8578829765319824,171.46755140073432,3.000000238418579,0.5,0.08000031858682632,0.33000147342681885,0.0,0.630062182866303,,
efficiency,flat_trot_efficiency,flat,2.0,bounding,2.0,,0.6258291272322337,0.7809913754463196,0.4398883581161499,0.026000000536441803,1.2883448600769043,0.11691665649414062,1.0197184085845947,211.49445082172713,3.000000238418579,0.5,0.11999969929456711,0.3800007998943329,0.0,0.5759299066849054,,
efficiency,flat_trot_efficiency,flat,2.0,pacing,3.0,,0.6678215453028679,0.7064471244812012,0.411167711019516,0.027000000700354576,1.262726068496704,0.11049997806549072,0.619438111782074,182.66835376102435,2.5,0.5,0.11999969929456711,0.341919481754303,0.0,0.6001384664559738,,
efficiency,ramp_up_trot_robustness,ramp_up,0.5,pronking,0.0,,0.8864715051096983,0.911828875541687,0.07003110647201538,0.007000000216066837,1.5791616439819336,0.04383333772420883,0.8451954126358032,256.4618538549326,3.000000238418579,0.5,0.08000031858682632,0.33000147342681885,0.0,0.7855250719751764,,
efficiency,ramp_up_trot_robustness,ramp_up,0.5,trotting,1.0,,0.8676765746890734,0.8821169137954712,0.07587209343910217,0.00800000037997961,1.7992093563079834,0.06166667491197586,0.6063294410705566,196.3830416278062,3.000000238418579,0.5,0.08000031858682632,0.33000147342681885,0.0,0.7925060511084406,,
efficiency,ramp_up_trot_robustness,ramp_up,0.5,bounding,2.0,,0.7746573077658049,0.8323028087615967,0.12084116786718369,0.00800000037997961,1.8624171018600464,0.05366666987538338,0.6749293804168701,324.8911624977821,3.000000238418579,0.5,0.11999969929456711,0.3800007998943329,0.0,0.7403257741908809,,
efficiency,ramp_up_trot_robustness,ramp_up,0.5,pacing,3.0,,0.8697455879300833,0.7662000060081482,0.09333004057407379,0.00800000037997961,1.2258853912353516,0.015166668221354485,0.1758265197277069,222.96606709062146,2.5,0.5,0.11999969929456711,0.3800007998943329,0.0,0.8080409648079825,,
efficiency,ramp_up_trot_robustness,ramp_up,1.0,pronking,0.0,,0.8254339338686223,0.9014739990234375,0.14348286390304565,0.014000000432133675,1.151599407196045,0.056416671723127365,0.7234118580818176,196.14925469752544,3.000000238418579,0.5,0.08000031858682632,0.33000147342681885,0.0,0.7452007119843205,,
efficiency,ramp_up_trot_robustness,ramp_up,1.0,trotting,1.0,,0.8129993557738953,0.8615955114364624,0.16314762830734253,0.014000000432133675,1.6523765325546265,0.05174999684095383,0.6412924528121948,165.47863744200777,3.000000238418579,0.5,0.08000031858682632,0.33000147342681885,0.0,0.7489299295370335,,
efficiency,ramp_up_trot_robustness,ramp_up,1.0,bounding,2.0,,0.753236127157624,0.8328875303268433,0.17675049602985382,0.009000000543892384,1.429088830947876,0.0507500022649765,0.7646442651748657,208.10546451938268,3.000000238418579,0.5,0.11999969929456711,0.3800007998943329,0.0,0.7218254108530736,,
efficiency,ramp_up_trot_robustness,ramp_up,1.0,pacing,3.0,,0.8117809674869745,0.8262399435043335,0.14956294000148773,0.01600000075995922,1.5207295417785645,0.04058333858847618,0.46989601850509644,174.45056269260238,2.5,0.5,0.11999969929456711,0.3800007998943329,0.0,0.7605665661228289,,
efficiency,ramp_up_trot_robustness,ramp_up,1.5,pronking,0.0,,0.771746365687786,0.8588616847991943,0.2443763017654419,0.02199999988079071,1.582655668258667,0.053833335638046265,0.8549742698669434,181.8362819497252,3.000000238418579,0.5,0.08000031858682632,0.33000147342681885,0.0,0.6951645688552942,,
efficiency,ramp_up_trot_robustness,ramp_up,1.5,trotting,1.0,,0.7472542719199108,0.7682538032531738,0.24756963551044464,0.01900000125169754,1.452063798904419,0.05050000548362732,0.6915307641029358,171.40987081157928,3.000000238418579,0.5,0.08000031858682632,0.3685597777366638,0.0,0.6789449422088054,,
efficiency,ramp_up_trot_robustness,ramp_up,1.5,bounding,2.0,,0.652699002948327,0.8036893606185913,0.3255816698074341,0.020000001415610313,1.4099854230880737,0.0468333400785923,0.9020181894302368,211.48958803461852,3.000000238418579,0.5,0.11999969929456711,0.3800007998943329,0.0,0.6395419140712226,,
efficiency,ramp_up_trot_robustness,ramp_up,1.5,pacing,3.0,,0.7310188007660402,0.7275857925415039,0.28767532110214233,0.02199999988079071,1.375932216644287,0.027416665107011795,0.44612208008766174,170.2244833115905,2.5,0.5,0.11999969929456711,0.3800007998943329,0.03835473954677582,0.681304675393871,,
efficiency,ramp_up_trot_robustness,ramp_up,2.0,pronking,0.0,,0.6452329095739584,0.6886014342308044,0.4180201590061188,0.024000000208616257,1.3828284740447998,0.05150000751018524,0.9159517288208008,189.9895100998506,3.3814010620117188,0.5,0.10860477387905121,0.2918604612350464,0.03813939541578293,0.5789759705574917,,
efficiency,ramp_up_trot_robustness,ramp_up,2.0,trotting,1.0,,0.6293349233575357,0.7364166975021362,0.44888654351234436,0.024000000208616257,1.4190994501113892,0.044083334505558014,0.9097247123718262,192.27809505649043,3.381613254547119,0.5,0.08000031858682632,0.33000147342681885,0.0,0.5833469358871558,,
efficiency,ramp_up_trot_robustness,ramp_up,2.0,bounding,2.0,,0.5235472304316668,0.6509014368057251,0.49120575189590454,0.021000001579523087,1.3302545547485352,0.03816666826605797,0.8379614353179932,204.99372753422657,2.618513584136963,0.5,0.11999969929456711,0.3800007998943329,0.0,0.5216806203991708,,
efficiency,ramp_up_trot_robustness,ramp_up,2.0,pacing,3.0,,0.5578839199092144,0.7748695611953735,0.5084867477416992,0.027000000700354576,1.1763584613800049,0.03191666305065155,0.8538232445716858,199.74607036962186,2.5,0.5,0.11999969929456711,0.3800007998943329,0.0,0.5622235265660234,,
efficiency,rough_slope_trot_robustness,rough_slope,0.5,pronking,0.0,,0.8113576531116117,0.8695508241653442,0.09144388139247894,0.010000000707805157,1.1248046159744263,0.055500008165836334,0.6735137701034546,249.01919584424695,3.000000238418579,0.5,0.08000031858682632,0.33000147342681885,0.0,0.7729335155454463,,
efficiency,rough_slope_trot_robustness,rough_slope,0.5,trotting,1.0,,0.8048711340188196,0.8476831912994385,0.08878439664840698,0.009000000543892384,1.632621169090271,0.08541667461395264,0.6219691038131714,190.7628555958129,3.000000238418579,0.5,0.08000031858682632,0.33000147342681885,0.0,0.7786665051659968,,
efficiency,rough_slope_trot_robustness,rough_slope,0.5,bounding,2.0,,0.7183318055283866,0.7832212448120117,0.132103830575943,0.004999999888241291,1.628171443939209,0.0650833323597908,0.6632598638534546,265.5937988734881,3.000000238418579,0.5,0.11999969929456711,0.3800007998943329,0.0,0.7370369941678032,,
efficiency,rough_slope_trot_robustness,rough_slope,0.5,pacing,3.0,,0.7914656732525481,0.6828205585479736,0.09759210795164108,0.00800000037997961,1.7728726863861084,0.02383333630859852,0.27557235956192017,200.62240656425897,2.5,0.5,0.11999969929456711,0.3404781222343445,0.039520133286714554,0.7791552615401867,,
efficiency,rough_slope_trot_robustness,rough_slope,1.0,pronking,0.0,,0.7571030828709666,0.8336703777313232,0.18610310554504395,0.01600000075995922,1.4090445041656494,0.060416676104068756,0.673465371131897,180.61074317429734,3.000000238418579,0.5,0.08000031858682632,0.33000147342681885,0.0,0.7318623071104022,,
efficiency,rough_slope_trot_robustness,rough_slope,1.0,trotting,1.0,,0.7221876037748236,0.8044919967651367,0.19047099351882935,0.015000000596046448,1.6038405895233154,0.06366667151451111,0.6168442964553833,166.9205140167132,3.000000238418579,0.5,0.08000031858682632,0.33000147342681885,0.0,0.7287451306890164,,
efficiency,rough_slope_trot_robustness,rough_slope,1.0,bounding,2.0,,0.6882407121164235,0.7805525064468384,0.2052783966064453,0.01600000075995922,1.4569556713104248,0.049416668713092804,0.730717122554779,193.2301830244859,3.000000238418579,0.5,0.11999969929456711,0.3800007998943329,0.0,0.7071902371244506,,
efficiency,rough_slope_trot_robustness,rough_slope,1.0,pacing,3.0,,0.7124401416237417,0.7699189186096191,0.2032274305820465,0.018000001087784767,1.3066754341125488,0.039750002324581146,0.45735278725624084,163.82576055735564,2.5,0.5,0.11999969929456711,0.3800007998943329,0.0,0.7389982986164148,,
efficiency,rough_slope_trot_robustness,rough_slope,1.5,pronking,0.0,,0.6695974187827425,0.674544095993042,0.3129880130290985,0.020000001415610313,1.5390782356262207,0.07308334112167358,0.7222212553024292,173.78946772203176,3.3856613636016846,0.5,0.10892416536808014,0.291434645652771,0.03856521099805832,0.6343546165652308,,
efficiency,rough_slope_trot_robustness,rough_slope,1.5,trotting,1.0,,0.6378920624326718,0.7151079773902893,0.3152379095554352,0.01600000075995922,1.4802227020263672,0.06941667199134827,0.6723300218582153,178.45943726094774,3.000000238418579,0.5,0.10892610251903534,0.33000147342681885,0.0,0.6364801863840382,,
efficiency,rough_slope_trot_robustness,rough_slope,1.5,bounding,2.0,,0.6338150315967046,0.6465892791748047,0.30118733644485474,0.018000001087784767,1.3923208713531494,0.056916676461696625,0.917202889919281,202.10732324913067,3.385608196258545,0.5,0.11999969929456711,0.34143930673599243,0.03855997323989868,0.6073690201322149,,
efficiency,rough_slope_trot_robustness,rough_slope,1.5,pacing,3.0,,0.6268686773745636,0.6718562841415405,0.31345582008361816,0.023000001907348633,1.6036007404327393,0.0429166704416275,0.4664459228515625,162.38191126994604,2.5,0.5,0.11999969929456711,0.3800007998943329,0.0,0.6462293941793699,,
efficiency,rough_slope_trot_robustness,rough_slope,2.0,pronking,0.0,,0.44140328760994113,0.6440813541412354,0.6487529873847961,0.024000000208616257,1.292582631111145,0.07316666841506958,0.8078972101211548,214.20667431055674,3.000000238418579,0.5,0.08000031858682632,0.36827293038368225,-0.03827318549156189,0.46640140959061677,,
efficiency,rough_slope_trot_robustness,rough_slope,2.0,trotting,1.0,,0.5427543025855954,0.6471853256225586,0.4927152693271637,0.024000000208616257,1.352320909500122,0.07225000858306885,0.7080833315849304,189.16352024220882,2.6179909706115723,0.5,0.10865052044391632,0.33000147342681885,0.03820038586854935,0.5321096259701465,,
efficiency,rough_slope_trot_robustness,rough_slope,2.0,bounding,2.0,,0.4236511816515735,0.6034449338912964,0.6405308246612549,0.017000000923871994,1.6571104526519775,0.0638333410024643,0.8234362602233887,243.28428453361744,3.000000238418579,0.5,0.11999969929456711,0.3800007998943329,-0.038320038467645645,0.4645128844838058,,
efficiency,rough_slope_trot_robustness,rough_slope,2.0,pacing,3.0,,0.48443993877031305,0.6466929912567139,0.5343481302261353,0.02800000086426735,1.5128173828125,0.0624166801571846,0.6761530637741089,194.94976730948628,2.5,0.5,0.11999969929456711,0.3418588638305664,0.0,0.5185794037367617,,
efficiency,push_lateral_pace_recovery,push_lateral,1.2,pronking,0.0,,0.706342037862692,0.8591402173042297,0.20435775816440582,0.013000000268220901,1.334833025932312,0.1394166648387909,0.7816007137298584,173.60987884067106,3.000000238418579,0.5,0.08000031858682632,0.33000147342681885,0.0,0.7237706401584937,,
efficiency,push_lateral_pace_recovery,push_lateral,1.2,trotting,1.0,,0.7010252476693728,0.8585798740386963,0.16914016008377075,0.01600000075995922,1.3474876880645752,0.16500002145767212,0.6529302000999451,147.88206300331754,3.000000238418579,0.5,0.08000031858682632,0.33000147342681885,0.0,0.7492754509772307,,
efficiency,push_lateral_pace_recovery,push_lateral,1.2,bounding,2.0,,0.6646921966129389,0.8277801275253296,0.1871504932641983,0.018000001087784767,1.5982593297958374,0.1471666693687439,0.781182587146759,193.17947305513917,3.000000238418579,0.5,0.11999969929456711,0.3800007998943329,0.0,0.7078527879535355,,
efficiency,push_lateral_pace_recovery,push_lateral,1.2,pacing,3.0,,0.6628799022963414,0.6856595277786255,0.19034820795059204,0.02200000174343586,1.5795972347259521,0.08691667020320892,0.47979143261909485,145.14674453360152,2.5,0.5,0.11999969929456711,0.3413430452346802,0.038656048476696014,0.7074547293097048,,
efficiency,push_lateral_pace_recovery,push_lateral,1.5,pronking,0.0,,0.6750507577298543,0.8449814319610596,0.2750284671783447,0.020000001415610313,1.3917899131774902,0.1432500034570694,0.7537474036216736,174.32133798865843,3.000000238418579,0.5,0.08000031858682632,0.33000147342681885,0.0,0.6900750631965431,,
efficiency,push_lateral_pace_recovery,push_lateral,1.5,trotting,1.0,,0.6672761532931756,0.8356257081031799,0.23979422450065613,0.020000001415610313,1.609370231628418,0.16966667771339417,0.6784613132476807,158.9690541481183,3.000000238418579,0.5,0.08000031858682632,0.33000147342681885,0.0,0.7102292738023347,,
efficiency,push_lateral_pace_recovery,push_lateral,1.5,bounding,2.0,,0.6126482232640952,0.8106299638748169,0.28169846534729004,0.021000001579523087,1.4925240278244019,0.14108332991600037,0.8258468508720398,200.96845809035838,3.000000238418579,0.5,0.11999969929456711,0.3800007998943329,0.0,0.6570190077181907,,
efficiency,push_lateral_pace_recovery,push_lateral,1.5,pacing,3.0,,0.634971799949805,0.7305664420127869,0.24794967472553253,0.023000001907348633,1.413020133972168,0.09916667640209198,0.5198724269866943,157.33237024738827,2.5,0.5,0.11999969929456711,0.3415565490722656,0.0,0.6845635161069888,,
efficiency,push_lateral_pace_recovery,push_lateral,1.8,pronking,0.0,,0.6389284620109277,0.8319295644760132,0.38369250297546387,0.020000001415610313,1.4090867042541504,0.15408334136009216,0.8576172590255737,180.03647669493196,3.000000238418579,0.5,0.08000031858682632,0.33000147342681885,0.0,0.6413672355369532,,
efficiency,push_lateral_pace_recovery,push_lateral,1.8,trotting,1.0,,0.6324254272457881,0.8286489248275757,0.3151594400405884,0.021000001579523087,1.4025923013687134,0.16558334231376648,0.7044980525970459,162.52391248824085,3.000000238418579,0.5,0.08000031858682632,0.33000147342681885,0.0,0.6745475493704102,,
efficiency,push_lateral_pace_recovery,push_lateral,1.8,bounding,2.0,,0.5995744585226743,0.8060801029205322,0.37916988134384155,0.023000001907348633,1.3733267784118652,0.1508333384990692,0.9086778163909912,206.03206327818543,3.000000238418579,0.5,0.11999969929456711,0.3800007998943329,0.0,0.6134529848183905,,
efficiency,push_lateral_pace_recovery,push_lateral,1.8,pacing,3.0,,0.5959292398049281,0.8023867011070251,0.3432987332344055,0.026000000536441803,1.1026420593261719,0.1210833340883255,0.7525079250335693,184.1856521082546,2.5,0.5,0.11999969929456711,0.3800007998943329,0.0,0.6398031903829959,,
efficiency,stepping_stones_easy_bound_highspeed,stepping_stones_easy,1.7,pronking,0.0,,0.5928167304710338,0.6840771436691284,0.4700624346733093,0.01900000125169754,1.6076295375823975,0.11741665005683899,0.9486640691757202,223.38181826903198,3.3856091499328613,0.5,0.10892024636268616,0.36855971813201904,0.0,0.5218830076046288,,
efficiency,stepping_stones_easy_bound_highspeed,stepping_stones_easy,1.7,trotting,1.0,,0.5408682240859458,0.7765564918518066,0.5766457319259644,0.017000000923871994,1.7982479333877563,0.14158335328102112,0.6905728578567505,239.59968916420806,3.000000238418579,0.5,0.08000031858682632,0.33000147342681885,0.0,0.5145502461486363,,
efficiency,stepping_stones_easy_bound_highspeed,stepping_stones_easy,1.7,bounding,2.0,,0.5786671499280555,0.6601966023445129,0.4926588833332062,0.021000001579523087,1.577707052230835,0.10991665720939636,0.6909087896347046,238.86168658099157,2.6145195960998535,0.5,0.11999969929456711,0.3414517939090729,0.03854742646217346,0.5164089124716287,,
efficiency,stepping_stones_easy_bound_highspeed,stepping_stones_easy,1.7,pacing,3.0,,0.5749960368205057,0.8109382390975952,0.48170965909957886,0.018000001087784767,1.6949282884597778,0.11516664922237396,0.7115359902381897,229.96897806342878,2.5,0.5,0.11999969929456711,0.3800007998943329,0.0,0.5413605849399963,,
efficiency,stepping_stones_easy_bound_highspeed,stepping_stones_easy,2.0,pronking,0.0,,0.48615795726838873,0.7661190629005432,0.8046771287918091,0.02199999988079071,1.1403656005859375,0.12166665494441986,0.857271671295166,283.96794619197505,3.000000238418579,0.5,0.08000031858682632,0.33000147342681885,0.0,0.45141692197233046,,
efficiency,stepping_stones_easy_bound_highspeed,stepping_stones_easy,2.0,trotting,1.0,,0.5370818644173835,0.676105260848999,0.6875001192092896,0.020000001415610313,1.3195879459381104,0.11316666752099991,0.6461361646652222,228.84288790649245,2.6150221824645996,0.5,0.10887317359447479,0.33000147342681885,0.0,0.47048769981068156,,
efficiency,stepping_stones_easy_bound_highspeed,stepping_stones_easy,2.0,bounding,2.0,,0.5187366121497594,0.7127339839935303,0.6856209635734558,0.018000001087784767,1.2381176948547363,0.10349999368190765,0.7327448129653931,260.0446277269294,2.6150104999542236,0.5,0.11999969929456711,0.3800007998943329,0.0,0.4653351789706254,,
efficiency,stepping_stones_easy_bound_highspeed,stepping_stones_easy,2.0,pacing,3.0,,0.5655769932230836,0.7156381607055664,0.5874982476234436,0.02500000037252903,1.7701060771942139,0.10174998641014099,0.5690653920173645,211.34558338516047,2.5,0.5,0.11999969929456711,0.3800007998943329,0.0384400375187397,0.51078926729055,,
robustness,flat_trot_efficiency,flat,0.5,pronking,0.0,,0.881423348635435,0.7984644770622253,0.05946362018585205,0.006000000052154064,0.6970187425613403,0.1290000081062317,0.8198803663253784,250.55960643475908,3.3940136432647705,0.5,0.08000031858682632,0.33000147342681885,0.0,,0.7588706457972284,
robustness,flat_trot_efficiency,flat,0.5,trotting,1.0,,0.9129184256494046,0.7734260559082031,0.06171025335788727,0.00800000037997961,1.3457205295562744,0.1601666659116745,0.757080078125,202.31723721736995,3.000000238418579,0.5,0.10954824835062027,0.2906026840209961,0.03939729183912277,,0.7535637686013934,
robustness,flat_trot_efficiency,flat,0.5,bounding,2.0,,0.8194695444405079,0.8596502542495728,0.1132347583770752,0.004999999888241291,1.6138672828674316,0.15174999833106995,0.7734166383743286,273.13288014912723,3.000000238418579,0.5,0.11999969929456711,0.3800007998943329,0.0,,0.7140282971133303,
robustness,flat_trot_efficiency,flat,0.5,pacing,3.0,,0.8705127315223217,0.7565011978149414,0.0570092536509037,0.010000000707805157,1.507596731185913,0.07050000131130219,0.1513606756925583,188.00748040219793,2.5,0.5,0.11999969929456711,0.3800007998943329,-0.03939542919397354,,0.7534306481086869,
robustness,flat_trot_efficiency,flat,1.0,pronking,0.0,,0.8757946731646856,0.845299482345581,0.14050352573394775,0.017000000923871994,1.2840304374694824,0.13708333671092987,0.6514879465103149,181.93278962575167,3.000000238418579,0.5,0.08000031858682632,0.33000147342681885,0.0,,0.7506324678538292,
robustness,flat_trot_efficiency,flat,1.0,trotting,1.0,,0.8677630216876665,0.8919445276260376,0.12926310300827026,0.018000001087784767,1.0688319206237793,0.1615000069141388,0.6129928231239319,145.21879293661158,3.000000238418579,0.5,0.08000031858682632,0.33000147342681885,0.0,,0.7496080790169356,
robustness,flat_trot_efficiency,flat,1.0,bounding,2.0,,0.8060942254463831,0.8377066850662231,0.16711080074310303,0.013000000268220901,1.6544439792633057,0.15658335387706757,0.6186990737915039,189.67484678898063,3.000000238418579,0.5,0.11999969929456711,0.3800007998943329,0.0,,0.7103808161810161,
robustness,flat_trot_efficiency,flat,1.0,pacing,3.0,,0.8370645376046499,0.8273964524269104,0.1323697715997696,0.015000000596046448,1.4519160985946655,0.11200001090765,0.4790070652961731,157.5882752489567,2.5,0.5,0.11999969929456711,0.3800007998943329,0.0,,0.7294358000522705,
robustness,flat_trot_efficiency,flat,1.5,pronking,0.0,,0.8119708868861198,0.7135385274887085,0.2348552942276001,0.020000001415610313,1.2943097352981567,0.1469166874885559,0.763770580291748,178.19652862381113,3.000000238418579,0.5,0.10887527465820312,0.36849966645240784,0.0,,0.7037182141065114,
robustness,flat_trot_efficiency,flat,1.5,trotting,1.0,,0.8274946795900662,0.7460876703262329,0.20033486187458038,0.02200000174343586,1.3916726112365723,0.15116667747497559,0.7567058801651001,170.19010607925756,3.000000238418579,0.5,0.1088302731513977,0.29155999422073364,0.0,,0.7045211597247337,
robustness,flat_trot_efficiency,flat,1.5,bounding,2.0,,0.7425870622197787,0.8189494013786316,0.2597246766090393,0.020000001415610313,1.3660399913787842,0.14366668462753296,0.9347209334373474,197.85185960393588,3.000000238418579,0.5,0.11999969929456711,0.3800007998943329,0.0,,0.6736774911907145,
robustness,flat_trot_efficiency,flat,1.5,pacing,3.0,,0.7649500385920207,0.7287790775299072,0.2575615644454956,0.01900000125169754,1.4465093612670898,0.1250000149011612,0.4242587685585022,167.38240491658226,2.5,0.5,0.11999969929456711,0.3800007998943329,0.03834594413638115,,0.6783197891663729,
robustness,flat_trot_efficiency,flat,2.0,pronking,0.0,,0.6791825570662817,0.7207362651824951,0.48427969217300415,0.02800000086426735,1.2782647609710693,0.15141668915748596,0.7731404304504395,198.52848233676076,3.000000238418579,0.5,0.10865024477243423,0.33000147342681885,0.0,,0.6544399522547798,
robustness,flat_trot_efficiency,flat,2.0,trotting,1.0,,0.7434543317556381,0.7050940990447998,0.34368962049484253,0.02500000223517418,1.4564552307128906,0.14908334612846375,0.9081380367279053,184.19945806049162,3.3803353309631348,0.5,0.1085248738527298,0.29196697473526,0.0,,0.6625365868695383,
robustness,flat_trot_efficiency,flat,2.0,bounding,2.0,,0.6258291272322337,0.7809913754463196,0.4398883581161499,0.026000000536441803,1.2883448600769043,0.11691665649414062,1.0197184085845947,211.49445082172713,3.000000238418579,0.5,0.11999969929456711,0.3800007998943329,0.0,,0.6234593674903963,
robustness,flat_trot_efficiency,flat,2.0,pacing,3.0,,0.6678215453028679,0.7064471244812012,0.411167711019516,0.027000000700354576,1.262726068496704,0.11049997806549072,0.619438111782074,182.66835376102435,2.5,0.5,0.11999969929456711,0.341919481754303,0.0,,0.629645536918708,
robustness,ramp_up_trot_robustness,ramp_up,0.5,pronking,0.0,,0.8864715051096983,0.911828875541687,0.07003110647201538,0.007000000216066837,1.5791616439819336,0.04383333772420883,0.8451954126358032,256.4618538549326,3.000000238418579,0.5,0.08000031858682632,0.33000147342681885,0.0,,0.7805069792955144,
robustness,ramp_up_trot_robustness,ramp_up,0.5,trotting,1.0,,0.883746756431766,0.8119436502456665,0.07358827441930771,0.00800000037997961,1.4562954902648926,0.05533333867788315,0.5431392788887024,201.81920384394587,3.000000238418579,0.5,0.08000031858682632,0.33000147342681885,0.0394572950899601,,0.7608222904334951,
robustness,ramp_up_trot_robustness,ramp_up,0.5,bounding,2.0,,0.7746573077658049,0.8323028087615967,0.12084116786718369,0.00800000037997961,1.8624171018600464,0.05366666987538338,0.6749293804168701,324.8911624977821,3.000000238418579,0.5,0.11999969929456711,0.3800007998943329,0.0,,0.7161736006023197,
robustness,ramp_up_trot_robustness,ramp_up,0.5,pacing,3.0,,0.8697455879300833,0.7662000060081482,0.09333004057407379,0.00800000037997961,1.2258853912353516,0.015166668221354485,0.1758265197277069,222.96606709062146,2.5,0.5,0.11999969929456711,0.3800007998943329,0.0,,0.7781015155246345,
robustness,ramp_up_trot_robustness,ramp_up,1.0,pronking,0.0,,0.8254339338686223,0.9014739990234375,0.14348286390304565,0.014000000432133675,1.151599407196045,0.056416671723127365,0.7234118580818176,196.14925469752544,3.000000238418579,0.5,0.08000031858682632,0.33000147342681885,0.0,,0.7450624314568391,
robustness,ramp_up_trot_robustness,ramp_up,1.0,trotting,1.0,,0.8447243404120971,0.7203695178031921,0.12896032631397247,0.012000000104308128,1.7878146171569824,0.04516667127609253,0.6075886487960815,164.0343340384335,2.610191822052002,0.5,0.10923531651496887,0.3689795732498169,0.038980066776275635,,0.729175321182342,
robustness,ramp_up_trot_robustness,ramp_up,1.0,bounding,2.0,,0.753236127157624,0.8328875303268433,0.17675049602985382,0.009000000543892384,1.429088830947876,0.0507500022649765,0.7646442651748657,208.10546451938268,3.000000238418579,0.5,0.11999969929456711,0.3800007998943329,0.0,,0.7096211891621351,
robustness,ramp_up_trot_robustness,ramp_up,1.0,pacing,3.0,,0.8117809674869745,0.8262399435043335,0.14956294000148773,0.01600000075995922,1.5207295417785645,0.04058333858847618,0.46989601850509644,174.45056269260238,2.5,0.5,0.11999969929456711,0.3800007998943329,0.0,,0.7358286849912105,
robustness,ramp_up_trot_robustness,ramp_up,1.5,pronking,0.0,,0.771746365687786,0.8588616847991943,0.2443763017654419,0.02199999988079071,1.582655668258667,0.053833335638046265,0.8549742698669434,181.8362819497252,3.000000238418579,0.5,0.08000031858682632,0.33000147342681885,0.0,,0.7039243143385019,
robustness,ramp_up_trot_robustness,ramp_up,1.5,trotting,1.0,,0.755635052632827,0.7309337854385376,0.2613718509674072,0.020000001415610313,1.4930442571640015,0.0416666716337204,0.7527064085006714,179.3163737428299,3.000000238418579,0.5,0.10892097651958466,0.2914389669895172,0.0,,0.6892469883025663,
robustness,ramp_up_trot_robustness,ramp_up,1.5,bounding,2.0,,0.652699002948327,0.8036893606185913,0.3255816698074341,0.020000001415610313,1.4099854230880737,0.0468333400785923,0.9020181894302368,211.48958803461852,3.000000238418579,0.5,0.11999969929456711,0.3800007998943329,0.0,,0.654705959576659,
robustness,ramp_up_trot_robustness,ramp_up,1.5,pacing,3.0,,0.7310188007660402,0.7275857925415039,0.28767532110214233,0.02199999988079071,1.375932216644287,0.027416665107011795,0.44612208008766174,170.2244833115905,2.5,0.5,0.11999969929456711,0.3800007998943329,0.03835473954677582,,0.6850867944095677,
robustness,ramp_up_trot_robustness,ramp_up,2.0,pronking,0.0,,0.6547580731984897,0.7125623226165771,0.42137789726257324,0.023000001907348633,1.5044615268707275,0.055750004947185516,0.9265031814575195,198.4910500329741,3.000000238418579,0.5,0.1086045503616333,0.33000147342681885,0.03813906013965607,,0.6364524466235463,
robustness,ramp_up_trot_robustness,ramp_up,2.0,trotting,1.0,,0.6341952007168379,0.6918110251426697,0.4355257749557495,0.024000000208616257,1.2970056533813477,0.04616667330265045,0.8019312620162964,183.90462702279868,3.000000238418579,0.5,0.10865059494972229,0.2917993664741516,0.03820048272609711,,0.623606460608118,
robustness,ramp_up_trot_robustness,ramp_up,2.0,bounding,2.0,,0.5306429529610353,0.6642662882804871,0.507606565952301,0.02500000037252903,1.345361351966858,0.03683333471417427,1.2546652555465698,239.83421858589392,3.3808369636535645,0.5,0.11999969929456711,0.3800007998943329,0.03808294236660004,,0.5711532383248572,
robustness,ramp_up_trot_robustness,ramp_up,2.0,pacing,3.0,,0.5578839199092144,0.7748695611953735,0.5084867477416992,0.027000000700354576,1.1763584613800049,0.03191666305065155,0.8538232445716858,199.74607036962186,2.5,0.5,0.11999969929456711,0.3800007998943329,0.0,,0.6039063770899443,
robustness,rough_slope_trot_robustness,rough_slope,0.5,pronking,0.0,,0.8355844212990058,0.7731831669807434,0.11183521151542664,0.010999999940395355,0.8752212524414062,0.04700000211596489,0.6460925936698914,254.11312957867747,2.606778621673584,0.5,0.08000031858682632,0.33000147342681885,0.03932128846645355,,0.7532600667176208,
robustness,rough_slope_trot_robustness,rough_slope,0.5,trotting,1.0,,0.8217796840655962,0.735387921333313,0.09234130382537842,0.006000000052154064,1.1480374336242676,0.061000000685453415,0.5654250383377075,224.74360297729717,3.000000238418579,0.5,0.10950535535812378,0.29066002368927,0.03934009373188019,,0.754657906048545,
robustness,rough_slope_trot_robustness,rough_slope,0.5,bounding,2.0,,0.7183318055283866,0.7832212448120117,0.132103830575943,0.004999999888241291,1.628171443939209,0.0650833323597908,0.6632598638534546,265.5937988734881,3.000000238418579,0.5,0.11999969929456711,0.3800007998943329,0.0,,0.6993678019086763,
robustness,rough_slope_trot_robustness,rough_slope,0.5,pacing,3.0,,0.7914656732525481,0.6828205585479736,0.09759210795164108,0.00800000037997961,1.7728726863861084,0.02383333630859852,0.27557235956192017,200.62240656425897,2.5,0.5,0.11999969929456711,0.3404781222343445,0.039520133286714554,,0.7431625631615155,
robustness,rough_slope_trot_robustness,rough_slope,1.0,pronking,0.0,,0.7774242222505181,0.7364118099212646,0.16729816794395447,0.012000000104308128,1.5357975959777832,0.059666670858860016,0.9223031401634216,189.7850485574706,3.000000238418579,0.5,0.10926229506731033,0.2909839153289795,0.0,,0.7195255637350605,
robustness,rough_slope_trot_robustness,rough_slope,1.0,trotting,1.0,,0.7653534044756701,0.6962270140647888,0.1766236424446106,0.012000000104308128,1.3775689601898193,0.06233333796262741,0.7568918466567993,178.48670473651012,3.389211416244507,0.5,0.10919032990932465,0.29107993841171265,0.03892005234956741,,0.7113364912811818,
robustness,rough_slope_trot_robustness,rough_slope,1.0,bounding,2.0,,0.6882407121164235,0.7805525064468384,0.2052783966064453,0.01600000075995922,1.4569556713104248,0.049416668713092804,0.730717122554779,193.2301830244859,3.000000238418579,0.5,0.11999969929456711,0.3800007998943329,0.0,,0.6900742062163062,
robustness,rough_slope_trot_robustness,rough_slope,1.0,pacing,3.0,,0.7124401416237417,0.7699189186096191,0.2032274305820465,0.018000001087784767,1.3066754341125488,0.039750002324581146,0.45735278725624084,163.82576055735564,2.5,0.5,0.11999969929456711,0.3800007998943329,0.0,,0.7087635922177535,
robustness,rough_slope_trot_robustness,rough_slope,1.5,pronking,0.0,,0.6695974187827425,0.674544095993042,0.3129880130290985,0.020000001415610313,1.5390782356262207,0.07308334112167358,0.7222212553024292,173.78946772203176,3.3856613636016846,0.5,0.10892416536808014,0.291434645652771,0.03856521099805832,,0.6469599090637714,
robustness,rough_slope_trot_robustness,rough_slope,1.5,trotting,1.0,,0.6575976268045213,0.6690734624862671,0.29796403646469116,0.018000001087784767,1.3504936695098877,0.058333344757556915,0.8908013105392456,184.25298293599124,3.385592222213745,0.5,0.10891899466514587,0.2914414405822754,0.038558341562747955,,0.6338650539699124,
robustness,rough_slope_trot_robustness,rough_slope,1.5,bounding,2.0,,0.6338150315967046,0.6465892791748047,0.30118733644485474,0.018000001087784767,1.3923208713531494,0.056916676461696625,0.917202889919281,202.10732324913067,3.385608196258545,0.5,0.11999969929456711,0.34143930673599243,0.03855997323989868,,0.6239917176828635,
robustness,rough_slope_trot_robustness,rough_slope,1.5,pacing,3.0,,0.651824773926484,0.6839420199394226,0.2934357523918152,0.02199999988079071,1.336469292640686,0.05825001001358032,0.742415189743042,179.26756528382788,2.885223388671875,0.5,0.11999969929456711,0.3800007998943329,0.0,,0.6446365062904552,
robustness,rough_slope_trot_robustness,rough_slope,2.0,pronking,0.0,,0.44140328760994113,0.6440813541412354,0.6487529873847961,0.024000000208616257,1.292582631111145,0.07316666841506958,0.8078972101211548,214.20667431055674,3.000000238418579,0.5,0.08000031858682632,0.36827293038368225,-0.03827318549156189,,0.5023147197879427,
robustness,rough_slope_trot_robustness,rough_slope,2.0,trotting,1.0,,0.5427543025855954,0.6471853256225586,0.4927152693271637,0.024000000208616257,1.352320909500122,0.07225000858306885,0.7080833315849304,189.16352024220882,2.6179909706115723,0.5,0.10865052044391632,0.33000147342681885,0.03820038586854935,,0.5648198124112153,
robustness,rough_slope_trot_robustness,rough_slope,2.0,bounding,2.0,,0.4236511816515735,0.6034449338912964,0.6405308246612549,0.017000000923871994,1.6571104526519775,0.0638333410024643,0.8234362602233887,243.28428453361744,3.000000238418579,0.5,0.11999969929456711,0.3800007998943329,-0.038320038467645645,,0.5114527646967066,
robustness,rough_slope_trot_robustness,rough_slope,2.0,pacing,3.0,,0.5109000721652257,0.6190460920333862,0.5407586097717285,0.023000001907348633,1.3659923076629639,0.07008333504199982,0.7391144037246704,211.7518791866663,2.5,0.5,0.11999969929456711,0.34183377027511597,0.0,,0.5523485004659591,
robustness,push_lateral_pace_recovery,push_lateral,1.2,pronking,0.0,,0.7327898267943126,0.7469935417175293,0.1702663004398346,0.01600000075995922,1.20539128780365,0.12816667556762695,0.9899531602859497,183.66481863841116,3.3879823684692383,0.5,0.10909819602966309,0.36879685521125793,0.0,,0.7207018868407098,
robustness,push_lateral_pace_recovery,push_lateral,1.2,trotting,1.0,,0.7010252476693728,0.8585798740386963,0.16914016008377075,0.01600000075995922,1.3474876880645752,0.16500002145767212,0.6529302000999451,147.88206300331754,3.000000238418579,0.5,0.08000031858682632,0.33000147342681885,0.0,,0.7288708263720439,
robustness,push_lateral_pace_recovery,push_lateral,1.2,bounding,2.0,,0.6646921966129389,0.8277801275253296,0.1871504932641983,0.018000001087784767,1.5982593297958374,0.1471666693687439,0.781182587146759,193.17947305513917,3.000000238418579,0.5,0.11999969929456711,0.3800007998943329,0.0,,0.6974239674343811,
robustness,push_lateral_pace_recovery,push_lateral,1.2,pacing,3.0,,0.6628799022963414,0.6856595277786255,0.19034820795059204,0.02200000174343586,1.5795972347259521,0.08691667020320892,0.47979143261909485,145.14674453360152,2.5,0.5,0.11999969929456711,0.3413430452346802,0.038656048476696014,,0.699694772258522,
robustness,push_lateral_pace_recovery,push_lateral,1.5,pronking,0.0,,0.7100267845850724,0.7404038906097412,0.24915514886379242,0.01900000125169754,1.147969365119934,0.1497500240802765,0.7516907453536987,187.2346525143861,2.6155948638916016,0.5,0.10883015394210815,0.3684394955635071,0.0,,0.7065729461307448,
robustness,push_lateral_pace_recovery,push_lateral,1.5,trotting,1.0,,0.6853646683769348,0.7780429124832153,0.20182809233665466,0.017000000923871994,1.2660967111587524,0.1456666737794876,0.71725994348526,156.77590453336978,3.000000238418579,0.5,0.10887175053358078,0.33000147342681885,0.0,,0.7110971561898061,
robustness,push_lateral_pace_recovery,push_lateral,1.5,bounding,2.0,,0.6478329857763571,0.7515757083892822,0.262317955493927,0.018000001087784767,1.2831368446350098,0.14016667008399963,0.8587726354598999,198.08653866425502,3.000000238418579,0.5,0.11999969929456711,0.3800007998943329,0.038444600999355316,,0.6632792018353939,
robustness,push_lateral_pace_recovery,push_lateral,1.5,pacing,3.0,,0.6455401921501527,0.735276460647583,0.23816229403018951,0.021000001579523087,1.3895195722579956,0.10716666281223297,0.6294111013412476,163.14065312103756,2.5,0.5,0.11999969929456711,0.3800007998943329,0.038499198853969574,,0.6826174890970796,
robustness,push_lateral_pace_recovery,push_lateral,1.8,pronking,0.0,,0.6389284620109277,0.8319295644760132,0.38369250297546387,0.020000001415610313,1.4090867042541504,0.15408334136009216,0.8576172590255737,180.03647669493196,3.000000238418579,0.5,0.08000031858682632,0.33000147342681885,0.0,,0.6709557020264427,
robustness,push_lateral_pace_recovery,push_lateral,1.8,trotting,1.0,,0.6422090721436036,0.762798011302948,0.2983916997909546,0.02199999988079071,1.2108731269836426,0.15058335661888123,0.7749164700508118,172.99616960326227,3.000000238418579,0.5,0.10865110158920288,0.33000147342681885,0.0,,0.6793965126683073,
robustness,push_lateral_pace_recovery,push_lateral,1.8,bounding,2.0,,0.5995744585226743,0.8060801029205322,0.37916988134384155,0.023000001907348633,1.3733267784118652,0.1508333384990692,0.9086778163909912,206.03206327818543,3.000000238418579,0.5,0.11999969929456711,0.3800007998943329,0.0,,0.6434708670145127,
robustness,push_lateral_pace_recovery,push_lateral,1.8,pacing,3.0,,0.5959292398049281,0.8023867011070251,0.3432987332344055,0.026000000536441803,1.1026420593261719,0.1210833340883255,0.7525079250335693,184.1856521082546,2.5,0.5,0.11999969929456711,0.3800007998943329,0.0,,0.6594999398642438,
robustness,stepping_stones_easy_bound_highspeed,stepping_stones_easy,1.7,pronking,0.0,,0.5928167304710338,0.6840771436691284,0.4700624346733093,0.01900000125169754,1.6076295375823975,0.11741665005683899,0.9486640691757202,223.38181826903198,3.3856091499328613,0.5,0.10892024636268616,0.36855971813201904,0.0,,0.5543637140010431,
robustness,stepping_stones_easy_bound_highspeed,stepping_stones_easy,1.7,trotting,1.0,,0.5818771812084473,0.6754257082939148,0.5167350769042969,0.021000001579523087,1.3088748455047607,0.11416667699813843,0.6401781439781189,222.9273155971526,2.6149916648864746,0.5,0.10887537896633148,0.29149970412254333,0.0,,0.5387889226156521,
robustness,stepping_stones_easy_bound_highspeed,stepping_stones_easy,1.7,bounding,2.0,,0.5786671499280555,0.6601966023445129,0.4926588833332062,0.021000001579523087,1.577707052230835,0.10991665720939636,0.6909087896347046,238.86168658099157,2.6145195960998535,0.5,0.11999969929456711,0.3414517939090729,0.03854742646217346,,0.5472859795379444,
robustness,stepping_stones_easy_bound_highspeed,stepping_stones_easy,1.7,pacing,3.0,,0.5749960368205057,0.8109382390975952,0.48170965909957886,0.018000001087784767,1.6949282884597778,0.11516664922237396,0.7115359902381897,229.96897806342878,2.5,0.5,0.11999969929456711,0.3800007998943329,0.0,,0.5514336197932319,
robustness,stepping_stones_easy_bound_highspeed,stepping_stones_easy,2.0,pronking,0.0,,0.5047158153825685,0.6382632255554199,0.7205109000205994,0.024000000208616257,1.5506511926651,0.14008334279060364,0.6633405685424805,237.5566139694524,2.615077257156372,0.5,0.10886895656585693,0.3684912919998169,0.0384916290640831,,0.49104401566148775,
robustness,stepping_stones_easy_bound_highspeed,stepping_stones_easy,2.0,trotting,1.0,,0.5370818644173835,0.676105260848999,0.6875001192092896,0.020000001415610313,1.3195879459381104,0.11316666752099991,0.6461361646652222,228.84288790649245,2.6150221824645996,0.5,0.10887317359447479,0.33000147342681885,0.0,,0.5164770426425508,
robustness,stepping_stones_easy_bound_highspeed,stepping_stones_easy,2.0,bounding,2.0,,0.5187366121497594,0.7127339839935303,0.6856209635734558,0.018000001087784767,1.2381176948547363,0.10349999368190765,0.7327448129653931,260.0446277269294,2.6150104999542236,0.5,0.11999969929456711,0.3800007998943329,0.0,,0.5152761012134028,
robustness,stepping_stones_easy_bound_highspeed,stepping_stones_easy,2.0,pacing,3.0,,0.5655769932230836,0.7156381607055664,0.5874982476234436,0.02500000037252903,1.7701060771942139,0.10174998641014099,0.5690653920173645,211.34558338516047,2.5,0.5,0.11999969929456711,0.3800007998943329,0.0384400375187397,,0.5407339869203364,
contact_safety,flat_trot_efficiency,flat,0.5,pronking,0.0,,0.8995608946184318,0.7099238038063049,0.06671613454818726,0.010000000707805157,1.588321328163147,0.10958333313465118,0.7510174512863159,291.41812422389864,2.605989933013916,0.5,0.1095503643155098,0.33000147342681885,-0.039400093257427216,,,0.7177736211568118
contact_safety,flat_trot_efficiency,flat,0.5,trotting,1.0,,0.8942034157613913,0.7780874371528625,0.06527968496084213,0.006000000052154064,1.6661655902862549,0.15841665863990784,0.4852987229824066,220.47808092925342,3.000000238418579,0.5,0.1095791608095169,0.33000147342681885,0.03943850100040436,,,0.7266639572210037
contact_safety,flat_trot_efficiency,flat,0.5,bounding,2.0,,0.8409129573901494,0.7723383903503418,0.11573050916194916,0.008999999612569809,1.8764619827270508,0.15625,0.5792263746261597,274.19542920395276,3.000000238418579,0.5,0.11999969929456711,0.3800007998943329,0.03941307216882706,,,0.7134006120837652
contact_safety,flat_trot_efficiency,flat,0.5,pacing,3.0,,0.8705127315223217,0.7565011978149414,0.0570092536509037,0.010000000707805157,1.507596731185913,0.07050000131130219,0.1513606756925583,188.00748040219793,2.5,0.5,0.11999969929456711,0.3800007998943329,-0.03939542919397354,,,0.7901003234948103
contact_safety,flat_trot_efficiency,flat,1.0,pronking,0.0,,0.8861696193615596,0.7163715362548828,0.13658395409584045,0.013000000268220901,1.0493278503417969,0.12775000929832458,0.9693530201911926,194.22757294380045,3.389211416244507,0.5,0.10919032245874405,0.2910798490047455,0.03892005980014801,,,0.7100686805752608
contact_safety,flat_trot_efficiency,flat,1.0,trotting,1.0,,0.8704768382509549,0.7648972272872925,0.11918540298938751,0.014000000432133675,1.4232540130615234,0.12800002098083496,0.6168688535690308,161.50885136103474,3.000000238418579,0.5,0.10918058454990387,0.2910928726196289,0.0,,,0.7164842955768109
contact_safety,flat_trot_efficiency,flat,1.0,bounding,2.0,,0.8060942254463831,0.8377066850662231,0.16711080074310303,0.013000000268220901,1.6544439792633057,0.15658335387706757,0.6186990737915039,189.67484678898063,3.000000238418579,0.5,0.11999969929456711,0.3800007998943329,0.0,,,0.7096695891939677
contact_safety,flat_trot_efficiency,flat,1.0,pacing,3.0,,0.830807483891646,0.7022441625595093,0.13614314794540405,0.018000001087784767,1.544129490852356,0.06750001013278961,0.31769871711730957,146.14159015651714,2.5,0.5,0.11999969929456711,0.3411386013031006,-0.038860201835632324,,,0.7468960220424029
contact_safety,flat_trot_efficiency,flat,1.5,pronking,0.0,,0.8119708868861198,0.7135385274887085,0.2348552942276001,0.020000001415610313,1.2943097352981567,0.1469166874885559,0.763770580291748,178.19652862381113,3.000000238418579,0.5,0.10887527465820312,0.36849966645240784,0.0,,,0.6712640588673261
contact_safety,flat_trot_efficiency,flat,1.5,trotting,1.0,,0.8274946795900662,0.7460876703262329,0.20033486187458038,0.02200000174343586,1.3916726112365723,0.15116667747497559,0.7567058801651001,170.19010607925756,3.000000238418579,0.5,0.1088302731513977,0.29155999422073364,0.0,,,0.6799069750194368
contact_safety,flat_trot_efficiency,flat,1.5,bounding,2.0,,0.7403017004330953,0.7310842275619507,0.2706727981567383,0.01900000125169754,1.6012696027755737,0.11733334511518478,0.7544682621955872,194.4046854855188,3.000000238418579,0.5,0.11999969929456711,0.3800007998943329,0.0,,,0.6644219380158645
contact_safety,flat_trot_efficiency,flat,1.5,pacing,3.0,,0.7649500385920207,0.7287790775299072,0.2575615644454956,0.01900000125169754,1.4465093612670898,0.1250000149011612,0.4242587685585022,167.38240491658226,2.5,0.5,0.11999969929456711,0.3800007998943329,0.03834594413638115,,,0.6894302583657779
contact_safety,flat_trot_efficiency,flat,2.0,pronking,0.0,,0.6791825570662817,0.7207362651824951,0.48427969217300415,0.02800000086426735,1.2782647609710693,0.15141668915748596,0.7731404304504395,198.52848233676076,3.000000238418579,0.5,0.10865024477243423,0.33000147342681885,0.0,,,0.6286947487638547
contact_safety,flat_trot_efficiency,flat,2.0,trotting,1.0,,0.7434543317556381,0.7050940990447998,0.34368962049484253,0.02500000223517418,1.4564552307128906,0.14908334612846375,0.9081380367279053,184.19945806049162,3.3803353309631348,0.5,0.1085248738527298,0.29196697473526,0.0,,,0.6398360955027435
contact_safety,flat_trot_efficiency,flat,2.0,bounding,2.0,,0.6252651987473169,0.6653124094009399,0.4642443358898163,0.024000000208616257,1.3416675329208374,0.11075000464916229,0.7308606505393982,204.54951713494694,3.000000238418579,0.5,0.11999969929456711,0.3418503999710083,0.03814908117055893,,,0.6234969520798097
contact_safety,flat_trot_efficiency,flat,2.0,pacing,3.0,,0.6517653093735377,0.7004483938217163,0.438723623752594,0.02800000086426735,1.4388575553894043,0.0989999920129776,0.5239480137825012,179.0553246473306,2.5,0.5,0.11999969929456711,0.3800007998943329,0.0,,,0.6444651345794017
contact_safety,ramp_up_trot_robustness,ramp_up,0.5,pronking,0.0,,0.8742996459492507,0.7867773771286011,0.0712699443101883,0.007000000216066837,1.411887526512146,0.05175000801682472,0.6065853834152222,294.34936383533676,3.000000238418579,0.5,0.10959526151418686,0.29054003953933716,0.0,,,0.7607855919175424
contact_safety,ramp_up_trot_robustness,ramp_up,0.5,trotting,1.0,,0.8608424589515495,0.7892588973045349,0.07435847818851471,0.00800000037997961,2.0280935764312744,0.05266667157411575,0.5678613185882568,228.35367008322987,3.000000238418579,0.5,0.1095600575208664,0.33000147342681885,0.0,,,0.7626956120419961
contact_safety,ramp_up_trot_robustness,ramp_up,0.5,bounding,2.0,,0.7746573077658049,0.8323028087615967,0.12084116786718369,0.00800000037997961,1.8624171018600464,0.05366666987538338,0.6749293804168701,324.8911624977821,3.000000238418579,0.5,0.11999969929456711,0.3800007998943329,0.0,,,0.7417902455020411
contact_safety,ramp_up_trot_robustness,ramp_up,0.5,pacing,3.0,,0.8697455879300833,0.7662000060081482,0.09333004057407379,0.00800000037997961,1.2258853912353516,0.015166668221354485,0.1758265197277069,222.96606709062146,2.5,0.5,0.11999969929456711,0.3800007998943329,0.0,,,0.8243748574589307
contact_safety,ramp_up_trot_robustness,ramp_up,1.0,pronking,0.0,,0.8311811759112737,0.8085775375366211,0.1429179608821869,0.01600000075995922,1.3362061977386475,0.0507500022649765,0.72980135679245,212.1630234453043,3.000000238418579,0.5,0.10914881527423859,0.33000147342681885,0.0,,,0.740004320614613
contact_safety,ramp_up_trot_robustness,ramp_up,1.0,trotting,1.0,,0.8447243404120971,0.7203695178031921,0.12896032631397247,0.012000000104308128,1.7878146171569824,0.04516667127609253,0.6075886487960815,164.0343340384335,2.610191822052002,0.5,0.10923531651496887,0.3689795732498169,0.038980066776275635,,,0.740032261208846
contact_safety,ramp_up_trot_robustness,ramp_up,1.0,bounding,2.0,,0.753236127157624,0.8328875303268433,0.17675049602985382,0.009000000543892384,1.429088830947876,0.0507500022649765,0.7646442651748657,208.10546451938268,3.000000238418579,0.5,0.11999969929456711,0.3800007998943329,0.0,,,0.7268991293528905
contact_safety,ramp_up_trot_robustness,ramp_up,1.0,pacing,3.0,,0.8117809674869745,0.8262399435043335,0.14956294000148773,0.01600000075995922,1.5207295417785645,0.04058333858847618,0.46989601850509644,174.45056269260238,2.5,0.5,0.11999969929456711,0.3800007998943329,0.0,,,0.7632869890676095
contact_safety,ramp_up_trot_robustness,ramp_up,1.5,pronking,0.0,,0.7764329190055529,0.7227059602737427,0.2476104497909546,0.021000001579523087,1.6857736110687256,0.046666666865348816,0.8741748332977295,189.42745156567923,3.000000238418579,0.5,0.1088862270116806,0.36851420998573303,0.03851465880870819,,,0.695586167734403
contact_safety,ramp_up_trot_robustness,ramp_up,1.5,trotting,1.0,,0.755635052632827,0.7309337854385376,0.2613718509674072,0.020000001415610313,1.4930442571640015,0.0416666716337204,0.7527064085006714,179.3163737428299,3.000000238418579,0.5,0.10892097651958466,0.2914389669895172,0.0,,,0.7057737066768683
contact_safety,ramp_up_trot_robustness,ramp_up,1.5,bounding,2.0,,0.6667932924360802,0.727663516998291,0.3148392140865326,0.02200000174343586,1.3814468383789062,0.03891666978597641,0.8314653635025024,220.3769933569432,3.000000238418579,0.5,0.11999969929456711,0.3800007998943329,0.0,,,0.6783533189732295
contact_safety,ramp_up_trot_robustness,ramp_up,1.5,pacing,3.0,,0.7310188007660402,0.7275857925415039,0.28767532110214233,0.02199999988079071,1.375932216644287,0.027416665107011795,0.44612208008766174,170.2244833115905,2.5,0.5,0.11999969929456711,0.3800007998943329,0.03835473954677582,,,0.7236597210168838
contact_safety,ramp_up_trot_robustness,ramp_up,2.0,pronking,0.0,,0.6547580731984897,0.7125623226165771,0.42137789726257324,0.023000001907348633,1.5044615268707275,0.055750004947185516,0.9265031814575195,198.4910500329741,3.000000238418579,0.5,0.1086045503616333,0.33000147342681885,0.03813906013965607,,,0.6413051541034993
contact_safety,ramp_up_trot_robustness,ramp_up,2.0,trotting,1.0,,0.6341952007168379,0.6918110251426697,0.4355257749557495,0.024000000208616257,1.2970056533813477,0.04616667330265045,0.8019312620162964,183.90462702279868,3.000000238418579,0.5,0.10865059494972229,0.2917993664741516,0.03820048272609711,,,0.6387813395032518
contact_safety,ramp_up_trot_robustness,ramp_up,2.0,bounding,2.0,,0.5019169610280257,0.6855320334434509,0.5697615146636963,0.023000001907348633,1.267258882522583,0.03708333522081375,0.8895173072814941,226.89307921139567,3.000000238418579,0.5,0.11999969929456711,0.341645210981369,0.0,,,0.6067985798303898
contact_safety,ramp_up_trot_robustness,ramp_up,2.0,pacing,3.0,,0.5743466730301198,0.7016962766647339,0.5102724432945251,0.026000000536441803,1.3358286619186401,0.03816666826605797,0.8135279417037964,210.63222536485463,2.881622791290283,0.5,0.11999969929456711,0.3800007998943329,0.0,,,0.6403297254672418
contact_safety,rough_slope_trot_robustness,rough_slope,0.5,pronking,0.0,,0.8216278986809286,0.7325280904769897,0.09548724442720413,0.00800000037997961,1.518315076828003,0.047166671603918076,0.665803074836731,273.70939011988787,2.604794502258301,0.5,0.10963999480009079,0.33000147342681885,0.03951960802078247,,,0.748526160676892
contact_safety,rough_slope_trot_robustness,rough_slope,0.5,trotting,1.0,,0.8020426435396076,0.7244542241096497,0.08970645070075989,0.006000000052154064,1.7774503231048584,0.04958333447575569,0.6118204593658447,212.8857278498126,3.000000238418579,0.5,0.10959535837173462,0.2905399203300476,0.0,,,0.7613661894718041
contact_safety,rough_slope_trot_robustness,rough_slope,0.5,bounding,2.0,,0.7183318055283866,0.7832212448120117,0.132103830575943,0.004999999888241291,1.628171443939209,0.0650833323597908,0.6632598638534546,265.5937988734881,3.000000238418579,0.5,0.11999969929456711,0.3800007998943329,0.0,,,0.7319712356592601
contact_safety,rough_slope_trot_robustness,rough_slope,0.5,pacing,3.0,,0.7914656732525481,0.6828205585479736,0.09759210795164108,0.00800000037997961,1.7728726863861084,0.02383333630859852,0.27557235956192017,200.62240656425897,2.5,0.5,0.11999969929456711,0.3404781222343445,0.039520133286714554,,,0.7885283306527596
contact_safety,rough_slope_trot_robustness,rough_slope,1.0,pronking,0.0,,0.7774242222505181,0.7364118099212646,0.16729816794395447,0.012000000104308128,1.5357975959777832,0.059666670858860016,0.9223031401634216,189.7850485574706,3.000000238418579,0.5,0.10926229506731033,0.2909839153289795,0.0,,,0.7140329535763997
contact_safety,rough_slope_trot_robustness,rough_slope,1.0,trotting,1.0,,0.744562669314052,0.7022406458854675,0.18574318289756775,0.014000000432133675,1.6751034259796143,0.056916676461696625,0.5895317792892456,188.2289520726565,3.000000238418579,0.5,0.10919380187988281,0.33000147342681885,-0.03892473131418228,,,0.7264432945503638
contact_safety,rough_slope_trot_robustness,rough_slope,1.0,bounding,2.0,,0.6882407121164235,0.7805525064468384,0.2052783966064453,0.01600000075995922,1.4569556713104248,0.049416668713092804,0.730717122554779,193.2301830244859,3.000000238418579,0.5,0.11999969929456711,0.3800007998943329,0.0,,,0.72009706434149
contact_safety,rough_slope_trot_robustness,rough_slope,1.0,pacing,3.0,,0.7124401416237417,0.7699189186096191,0.2032274305820465,0.018000001087784767,1.3066754341125488,0.039750002324581146,0.45735278725624084,163.82576055735564,2.5,0.5,0.11999969929456711,0.3800007998943329,0.0,,,0.7470383386772412
contact_safety,rough_slope_trot_robustness,rough_slope,1.5,pronking,0.0,,0.6695974187827425,0.674544095993042,0.3129880130290985,0.020000001415610313,1.5390782356262207,0.07308334112167358,0.7222212553024292,173.78946772203176,3.3856613636016846,0.5,0.10892416536808014,0.291434645652771,0.03856521099805832,,,0.6613779744849755
contact_safety,rough_slope_trot_robustness,rough_slope,1.5,trotting,1.0,,0.6378920624326718,0.7151079773902893,0.3152379095554352,0.01600000075995922,1.4802227020263672,0.06941667199134827,0.6723300218582153,178.45943726094774,3.000000238418579,0.5,0.10892610251903534,0.33000147342681885,0.0,,,0.6535510286115683
contact_safety,rough_slope_trot_robustness,rough_slope,1.5,bounding,2.0,,0.6089079516302598,0.6562025547027588,0.3385716676712036,0.02500000037252903,1.3758594989776611,0.061083339154720306,0.7535088062286377,212.95932808545888,3.3848981857299805,0.5,0.11999969929456711,0.34151017665863037,0.0,,,0.6452336600766733
contact_safety,rough_slope_trot_robustness,rough_slope,1.5,pacing,3.0,,0.6268686773745636,0.6718562841415405,0.31345582008361816,0.023000001907348633,1.6036007404327393,0.0429166704416275,0.4664459228515625,162.38191126994604,2.5,0.5,0.11999969929456711,0.3800007998943329,0.0,,,0.6761240366559762
contact_safety,rough_slope_trot_robustness,rough_slope,2.0,pronking,0.0,,0.42360073141753674,0.63190758228302,0.67078697681427,0.020000001415610313,1.3851244449615479,0.06558333337306976,0.97971510887146,259.51350196451506,3.3832364082336426,0.5,0.10874234884977341,0.33000147342681885,0.03832283243536949,,,0.5360624939776385
contact_safety,rough_slope_trot_robustness,rough_slope,2.0,trotting,1.0,,0.5427543025855954,0.6471853256225586,0.4927152693271637,0.024000000208616257,1.352320909500122,0.07225000858306885,0.7080833315849304,189.16352024220882,2.6179909706115723,0.5,0.10865052044391632,0.33000147342681885,0.03820038586854935,,,0.5780285868220605
contact_safety,rough_slope_trot_robustness,rough_slope,2.0,bounding,2.0,,0.4236511816515735,0.6034449338912964,0.6405308246612549,0.017000000923871994,1.6571104526519775,0.0638333410024643,0.8234362602233887,243.28428453361744,3.000000238418579,0.5,0.11999969929456711,0.3800007998943329,-0.038320038467645645,,,0.5594978708773851
contact_safety,rough_slope_trot_robustness,rough_slope,2.0,pacing,3.0,,0.49498166918362446,0.6038117408752441,0.5625449419021606,0.023000001907348633,1.2658154964447021,0.051166679710149765,0.6331210136413574,208.82176776272013,2.5,0.5,0.11999969929456711,0.34185662865638733,0.038142815232276917,,,0.5914125135598275
contact_safety,push_lateral_pace_recovery,push_lateral,1.2,pronking,0.0,,0.6956692114472389,0.7305678129196167,0.16715264320373535,0.017000000923871994,1.6815872192382812,0.1354999989271164,0.7842428684234619,180.47958013862873,3.000000238418579,0.5,0.10901105403900146,0.33000147342681885,-0.03868108242750168,,,0.6881202781429658
contact_safety,push_lateral_pace_recovery,push_lateral,1.2,trotting,1.0,,0.6802518922740068,0.7702903747558594,0.15301543474197388,0.012000000104308128,1.5723011493682861,0.15383334457874298,0.5636714696884155,160.64718250177557,3.000000238418579,0.5,0.10909677296876907,0.33000147342681885,0.0,,,0.7053889930821383
contact_safety,push_lateral_pace_recovery,push_lateral,1.2,bounding,2.0,,0.6646921966129389,0.8277801275253296,0.1871504932641983,0.018000001087784767,1.5982593297958374,0.1471666693687439,0.781182587146759,193.17947305513917,3.000000238418579,0.5,0.11999969929456711,0.3800007998943329,0.0,,,0.6891260382647698
contact_safety,push_lateral_pace_recovery,push_lateral,1.2,pacing,3.0,,0.6628799022963414,0.6856595277786255,0.19034820795059204,0.02200000174343586,1.5795972347259521,0.08691667020320892,0.47979143261909485,145.14674453360152,2.5,0.5,0.11999969929456711,0.3413430452346802,0.038656048476696014,,,0.7110933445394039
contact_safety,push_lateral_pace_recovery,push_lateral,1.5,pronking,0.0,,0.6829312701637928,0.7628713846206665,0.2476443350315094,0.021000001579523087,1.6348233222961426,0.1509166657924652,0.8161063194274902,178.9330962975068,3.000000238418579,0.5,0.10895439237356186,0.33000147342681885,0.0,,,0.6764723451091693
contact_safety,push_lateral_pace_recovery,push_lateral,1.5,trotting,1.0,,0.6853646683769348,0.7780429124832153,0.20182809233665466,0.017000000923871994,1.2660967111587524,0.1456666737794876,0.71725994348526,156.77590453336978,3.000000238418579,0.5,0.10887175053358078,0.33000147342681885,0.0,,,0.6879232769975295
contact_safety,push_lateral_pace_recovery,push_lateral,1.5,bounding,2.0,,0.6126482232640952,0.8106299638748169,0.28169846534729004,0.021000001579523087,1.4925240278244019,0.14108332991600037,0.8258468508720398,200.96845809035838,3.000000238418579,0.5,0.11999969929456711,0.3800007998943329,0.0,,,0.6567607915172211
contact_safety,push_lateral_pace_recovery,push_lateral,1.5,pacing,3.0,,0.634971799949805,0.7305664420127869,0.24794967472553253,0.023000001907348633,1.413020133972168,0.09916667640209198,0.5198724269866943,157.33237024738827,2.5,0.5,0.11999969929456711,0.3415565490722656,0.0,,,0.6877364369539115
contact_safety,push_lateral_pace_recovery,push_lateral,1.8,pronking,0.0,,0.6481637292756484,0.7091538310050964,0.35949602723121643,0.02500000037252903,1.4340813159942627,0.15641668438911438,0.7323248982429504,181.86523459517454,3.3833372592926025,0.5,0.10874994099140167,0.33000147342681885,-0.03833295404911041,,,0.6419931557889167
contact_safety,push_lateral_pace_recovery,push_lateral,1.8,trotting,1.0,,0.6422090721436036,0.762798011302948,0.2983916997909546,0.02199999988079071,1.2108731269836426,0.15058335661888123,0.7749164700508118,172.99616960326227,3.000000238418579,0.5,0.10865110158920288,0.33000147342681885,0.0,,,0.656245506268281
contact_safety,push_lateral_pace_recovery,push_lateral,1.8,bounding,2.0,,0.5980858445549624,0.7281550168991089,0.3671271502971649,0.024000000208616257,1.3515470027923584,0.11691667139530182,0.7712454199790955,199.75895743827104,3.000000238418579,0.5,0.11999969929456711,0.3800007998943329,0.0,,,0.6391979899543982
contact_safety,push_lateral_pace_recovery,push_lateral,1.8,pacing,3.0,,0.5998240917538985,0.6849803924560547,0.3335926830768585,0.024000000208616257,1.4618189334869385,0.10766665637493134,0.5309291481971741,173.21280563714333,2.5,0.5,0.11999969929456711,0.3800007998943329,0.0,,,0.655546106856603
contact_safety,stepping_stones_easy_bound_highspeed,stepping_stones_easy,1.7,pronking,0.0,,0.5928167304710338,0.6840771436691284,0.4700624346733093,0.01900000125169754,1.6076295375823975,0.11741665005683899,0.9486640691757202,223.38181826903198,3.3856091499328613,0.5,0.10892024636268616,0.36855971813201904,0.0,,,0.5558345497800754
contact_safety,stepping_stones_easy_bound_highspeed,stepping_stones_easy,1.7,trotting,1.0,,0.5818771812084473,0.6754257082939148,0.5167350769042969,0.021000001579523087,1.3088748455047607,0.11416667699813843,0.6401781439781189,222.9273155971526,2.6149916648864746,0.5,0.10887537896633148,0.29149970412254333,0.0,,,0.5558342709564246
contact_safety,stepping_stones_easy_bound_highspeed,stepping_stones_easy,1.7,bounding,2.0,,0.5786671499280555,0.6601966023445129,0.4926588833332062,0.021000001579523087,1.577707052230835,0.10991665720939636,0.6909087896347046,238.86168658099157,2.6145195960998535,0.5,0.11999969929456711,0.3414517939090729,0.03854742646217346,,,0.5743293921534831
contact_safety,stepping_stones_easy_bound_highspeed,stepping_stones_easy,1.7,pacing,3.0,,0.5749960368205057,0.8109382390975952,0.48170965909957886,0.018000001087784767,1.6949282884597778,0.11516664922237396,0.7115359902381897,229.96897806342878,2.5,0.5,0.11999969929456711,0.3800007998943329,0.0,,,0.5784644915256649
contact_safety,stepping_stones_easy_bound_highspeed,stepping_stones_easy,2.0,pronking,0.0,,0.4820150006562472,0.6995227932929993,0.8050397634506226,0.018000001087784767,1.5101152658462524,0.1300000101327896,0.7458752393722534,288.1280219316626,3.000000238418579,0.5,0.108965665102005,0.33000147342681885,0.0,,,0.5102690334718388
contact_safety,stepping_stones_easy_bound_highspeed,stepping_stones_easy,2.0,trotting,1.0,,0.5370818644173835,0.676105260848999,0.6875001192092896,0.020000001415610313,1.3195879459381104,0.11316666752099991,0.6461361646652222,228.84288790649245,2.6150221824645996,0.5,0.10887317359447479,0.33000147342681885,0.0,,,0.5366856842230147
contact_safety,stepping_stones_easy_bound_highspeed,stepping_stones_easy,2.0,bounding,2.0,,0.5187366121497594,0.7127339839935303,0.6856209635734558,0.018000001087784767,1.2381176948547363,0.10349999368190765,0.7327448129653931,260.0446277269294,2.6150104999542236,0.5,0.11999969929456711,0.3800007998943329,0.0,,,0.5498870969678348
contact_safety,stepping_stones_easy_bound_highspeed,stepping_stones_easy,2.0,pacing,3.0,,0.5655769932230836,0.7156381607055664,0.5874982476234436,0.02500000037252903,1.7701060771942139,0.10174998641014099,0.5690653920173645,211.34558338516047,2.5,0.5,0.11999969929456711,0.3800007998943329,0.0384400375187397,,,0.5767359332862095
